participant_id,activity_instance_id,activity_attendance,fiscal_year,activity_name,activity_category,activity_label,school,start_date,end_date,total_program_days
46842888,3440566,1,FY2018-2019,Intro to Surfing Field Trips,Grades K-12 - Afterschool/Extended Day,Surf Field Trip (Surf Club),Mission HS,2018-09-13,2018-09-13,0
46842888,3454339,1,FY2018-2019,Intro to Surfing Field Trips,Grades K-12 - Afterschool/Extended Day,Surf Field Trip (Surf Club),Mission HS,2018-12-21,2018-12-21,0
46842888,3474149,1,FY2018-2019,Intro to Surfing Field Trips,Grades K-12 - Afterschool/Extended Day,Surf Field Trip (Surf Club),Mission HS,2018-11-08,2018-11-08,0
46843252,3384580,80,FY2018-2019,Surfing 101 HS/PE Course,Grades K-12 - Afterschool/Extended Day,Mission Surfing 101 Course,Mission HS,2018-08-20,2019-05-29,282
46843305,3420417,1,FY2018-2019,Intro to Surfing Field Trips,Grades K-12 - Afterschool/Extended Day,Surf Field Trip (Finegold-Shaw),Mission HS,2018-09-27,2018-09-27,0
46843348,3476343,1,FY2018-2019,Intro to Surfing Field Trips,Grades K-12 - Afterschool/Extended Day,Surf Field (Fiengold-Shaw),Mission HS,2018-11-01,2018-11-01,0
46843349,3476343,1,FY2018-2019,Intro to Surfing Field Trips,Grades K-12 - Afterschool/Extended Day,Surf Field (Fiengold-Shaw),Mission HS,2018-11-01,2018-11-01,0
46843349,3538008,1,FY2018-2019,Intro to Surfing Field Trips,Grades K-12 - Afterschool/Extended Day,Surf Field Trip (Hallinan),Mission HS,2019-05-16,2019-05-16,0
46843825,3473499,1,FY2018-2019,Intro to Surfing Field Trips,Grades K-12 - Afterschool/Extended Day,Surf Field Trip (Surf Club),Mission HS,2018-10-04,2018-10-04,0
46843825,3476373,1,FY2018-2019,Intro to Surfing Field Trips,Grades K-12 - Afterschool/Extended Day,Surf Field trip (Hillard/Surf Club),Mission HS,2018-10-25,2018-10-25,0
46843869,3474515,1,FY2018-2019,Surfing 101 HS/PE Course,Grades K-12 - Afterschool/Extended Day,Independence HS Surfing 101/ 2018-2019 School Year,Independence HS,2018-08-28,2019-05-21,266
46844454,3517784,5,FY2018-2019,Surfing 101 HS/PE Course,Grades K-12 - Afterschool/Extended Day,Week Without Walls (March 2019),Leadership HS Charter,2019-03-18,2019-03-22,4
46844856,3499217,1,FY2018-2019,Intro to Surfing Field Trips,Grades K-12 - Afterschool/Extended Day,Surf Field Trip (Dragonboat),Mission HS,2019-03-21,2019-03-21,0
46846077,3476343,1,FY2018-2019,Intro to Surfing Field Trips,Grades K-12 - Afterschool/Extended Day,Surf Field (Fiengold-Shaw),Mission HS,2018-11-01,2018-11-01,0
46846095,3384580,36,FY2018-2019,Surfing 101 HS/PE Course,Grades K-12 - Afterschool/Extended Day,Mission Surfing 101 Course,Mission HS,2018-08-20,2019-05-29,282
46846158,3528219,1,FY2018-2019,Intro to Surfing Field Trips,Grades K-12 - Afterschool/Extended Day,Surf Field Trip (Surf Club),Mission HS,2019-04-04,2019-04-04,0
46847012,3384580,40,FY2018-2019,Surfing 101 HS/PE Course,Grades K-12 - Afterschool/Extended Day,Mission Surfing 101 Course,Mission HS,2018-08-20,2019-05-29,282
46847012,3440566,1,FY2018-2019,Intro to Surfing Field Trips,Grades K-12 - Afterschool/Extended Day,Surf Field Trip (Surf Club),Mission HS,2018-09-13,2018-09-13,0
46847012,3473499,1,FY2018-2019,Intro to Surfing Field Trips,Grades K-12 - Afterschool/Extended Day,Surf Field Trip (Surf Club),Mission HS,2018-10-04,2018-10-04,0
46847012,3474149,1,FY2018-2019,Intro to Surfing Field Trips,Grades K-12 - Afterschool/Extended Day,Surf Field Trip (Surf Club),Mission HS,2018-11-08,2018-11-08,0
46847012,3476373,1,FY2018-2019,Intro to Surfing Field Trips,Grades K-12 - Afterschool/Extended Day,Surf Field trip (Hillard/Surf Club),Mission HS,2018-10-25,2018-10-25,0
46847012,3499217,1,FY2018-2019,Intro to Surfing Field Trips,Grades K-12 - Afterschool/Extended Day,Surf Field Trip (Dragonboat),Mission HS,2019-03-21,2019-03-21,0
46847012,3499320,1,FY2018-2019,Intro to Surfing Field Trips,Grades K-12 - Afterschool/Extended Day,Surf Field Trip (Penrose),Mission HS,2019-02-28,2019-02-28,0
46847012,3499367,1,FY2018-2019,Intro to Surfing Field Trips,Grades K-12 - Afterschool/Extended Day,Surf Field Trip (Mufti),Mission HS,2019-02-14,2019-02-14,0
46847012,3499380,1,FY2018-2019,Intro to Surfing Field Trips,Grades K-12 - Afterschool/Extended Day,Surf Field Trip (Fernandez),Mission HS,2019-02-07,2019-02-07,0
46847012,3528219,1,FY2018-2019,Intro to Surfing Field Trips,Grades K-12 - Afterschool/Extended Day,Surf Field Trip (Surf Club),Mission HS,2019-04-04,2019-04-04,0
46847012,3535966,1,FY2018-2019,Intro to Surfing Field Trips,Grades K-12 - Afterschool/Extended Day,Surf Field Trip (Surf Club),Mission HS,2019-05-02,2019-05-02,0
46847012,3536052,1,FY2018-2019,Intro to Surfing Field Trips,Grades K-12 - Afterschool/Extended Day,Surf Field Trip (Safavi),Mission HS,2019-05-09,2019-05-09,0
46847012,3620656,1,FY2018-2019,Intro to Surfing Field Trips,Grades K-12 - Afterschool/Extended Day,Mission Surf Club,Mission HS,2019-05-18,2019-05-18,0
46847012,3621419,6,FY2018-2019,Surfers In Leadership Training (SILT),Grades K-12 - Summer,SILT 2019 Backpacking/Camp/Surf Training,Mission HS,2019-06-08,2019-06-13,5
46847083,3476343,1,FY2018-2019,Intro to Surfing Field Trips,Grades K-12 - Afterschool/Extended Day,Surf Field (Fiengold-Shaw),Mission HS,2018-11-01,2018-11-01,0
46847639,3527022,1,FY2018-2019,Intro to Surfing Field Trips,Grades K-12 - Afterschool/Extended Day,Surf Field Trip (Feingold-Shaw),Mission HS,2019-03-14,2019-03-14,0
46848314,3440566,1,FY2018-2019,Intro to Surfing Field Trips,Grades K-12 - Afterschool/Extended Day,Surf Field Trip (Surf Club),Mission HS,2018-09-13,2018-09-13,0
46848314,3474149,1,FY2018-2019,Intro to Surfing Field Trips,Grades K-12 - Afterschool/Extended Day,Surf Field Trip (Surf Club),Mission HS,2018-11-08,2018-11-08,0
46848314,3527068,1,FY2018-2019,Intro to Surfing Field Trips,Grades K-12 - Afterschool/Extended Day,Surf Field Trip (Shafer),Mission HS,2019-01-24,2019-01-24,0
46848575,3420417,1,FY2018-2019,Intro to Surfing Field Trips,Grades K-12 - Afterschool/Extended Day,Surf Field Trip (Finegold-Shaw),Mission HS,2018-09-27,2018-09-27,0
46848601,3476343,1,FY2018-2019,Intro to Surfing Field Trips,Grades K-12 - Afterschool/Extended Day,Surf Field (Fiengold-Shaw),Mission HS,2018-11-01,2018-11-01,0
46848601,3527022,1,FY2018-2019,Intro to Surfing Field Trips,Grades K-12 - Afterschool/Extended Day,Surf Field Trip (Feingold-Shaw),Mission HS,2019-03-14,2019-03-14,0
46848962,3384580,69,FY2018-2019,Surfing 101 HS/PE Course,Grades K-12 - Afterschool/Extended Day,Mission Surfing 101 Course,Mission HS,2018-08-20,2019-05-29,282
46848962,3440566,1,FY2018-2019,Intro to Surfing Field Trips,Grades K-12 - Afterschool/Extended Day,Surf Field Trip (Surf Club),Mission HS,2018-09-13,2018-09-13,0
46848962,3474149,1,FY2018-2019,Intro to Surfing Field Trips,Grades K-12 - Afterschool/Extended Day,Surf Field Trip (Surf Club),Mission HS,2018-11-08,2018-11-08,0
46848962,3476373,1,FY2018-2019,Intro to Surfing Field Trips,Grades K-12 - Afterschool/Extended Day,Surf Field trip (Hillard/Surf Club),Mission HS,2018-10-25,2018-10-25,0
46848962,3499217,1,FY2018-2019,Intro to Surfing Field Trips,Grades K-12 - Afterschool/Extended Day,Surf Field Trip (Dragonboat),Mission HS,2019-03-21,2019-03-21,0
46848962,3528219,1,FY2018-2019,Intro to Surfing Field Trips,Grades K-12 - Afterschool/Extended Day,Surf Field Trip (Surf Club),Mission HS,2019-04-04,2019-04-04,0
46848962,3621418,3,FY2018-2019,Surfers In Leadership Training (SILT),Grades K-12 - Summer,SILT SUMMER CAMP SESSION 1: Faces SF,Mission HS,2019-06-18,2019-06-20,2
46848962,3621419,6,FY2018-2019,Surfers In Leadership Training (SILT),Grades K-12 - Summer,SILT 2019 Backpacking/Camp/Surf Training,Mission HS,2019-06-08,2019-06-13,5
46848990,3473499,1,FY2018-2019,Intro to Surfing Field Trips,Grades K-12 - Afterschool/Extended Day,Surf Field Trip (Surf Club),Mission HS,2018-10-04,2018-10-04,0
46848990,3476373,1,FY2018-2019,Intro to Surfing Field Trips,Grades K-12 - Afterschool/Extended Day,Surf Field trip (Hillard/Surf Club),Mission HS,2018-10-25,2018-10-25,0
46849096,3527068,1,FY2018-2019,Intro to Surfing Field Trips,Grades K-12 - Afterschool/Extended Day,Surf Field Trip (Shafer),Mission HS,2019-01-24,2019-01-24,0
46849197,3474515,2,FY2018-2019,Surfing 101 HS/PE Course,Grades K-12 - Afterschool/Extended Day,Independence HS Surfing 101/ 2018-2019 School Year,Independence HS,2018-08-28,2019-05-21,266
46850110,3517784,4,FY2018-2019,Surfing 101 HS/PE Course,Grades K-12 - Afterschool/Extended Day,Week Without Walls (March 2019),Leadership HS Charter,2019-03-18,2019-03-22,4
46850784,3527022,1,FY2018-2019,Intro to Surfing Field Trips,Grades K-12 - Afterschool/Extended Day,Surf Field Trip (Feingold-Shaw),Mission HS,2019-03-14,2019-03-14,0
46850986,3473499,1,FY2018-2019,Intro to Surfing Field Trips,Grades K-12 - Afterschool/Extended Day,Surf Field Trip (Surf Club),Mission HS,2018-10-04,2018-10-04,0
46850986,3476373,1,FY2018-2019,Intro to Surfing Field Trips,Grades K-12 - Afterschool/Extended Day,Surf Field trip (Hillard/Surf Club),Mission HS,2018-10-25,2018-10-25,0
46851292,3526992,1,FY2018-2019,Intro to Surfing Field Trips,Grades K-12 - Afterschool/Extended Day,Surf Field Trip (Surf Club),Mission HS,2019-03-07,2019-03-07,0
46851350,3499380,1,FY2018-2019,Intro to Surfing Field Trips,Grades K-12 - Afterschool/Extended Day,Surf Field Trip (Fernandez),Mission HS,2019-02-07,2019-02-07,0
46851350,3527068,1,FY2018-2019,Intro to Surfing Field Trips,Grades K-12 - Afterschool/Extended Day,Surf Field Trip (Shafer),Mission HS,2019-01-24,2019-01-24,0
46851668,3473499,1,FY2018-2019,Intro to Surfing Field Trips,Grades K-12 - Afterschool/Extended Day,Surf Field Trip (Surf Club),Mission HS,2018-10-04,2018-10-04,0
46851668,3476373,1,FY2018-2019,Intro to Surfing Field Trips,Grades K-12 - Afterschool/Extended Day,Surf Field trip (Hillard/Surf Club),Mission HS,2018-10-25,2018-10-25,0
46851696,3527022,1,FY2018-2019,Intro to Surfing Field Trips,Grades K-12 - Afterschool/Extended Day,Surf Field Trip (Feingold-Shaw),Mission HS,2019-03-14,2019-03-14,0
46851954,3527022,1,FY2018-2019,Intro to Surfing Field Trips,Grades K-12 - Afterschool/Extended Day,Surf Field Trip (Feingold-Shaw),Mission HS,2019-03-14,2019-03-14,0
46852363,3473499,1,FY2018-2019,Intro to Surfing Field Trips,Grades K-12 - Afterschool/Extended Day,Surf Field Trip (Surf Club),Mission HS,2018-10-04,2018-10-04,0
46852363,3476373,1,FY2018-2019,Intro to Surfing Field Trips,Grades K-12 - Afterschool/Extended Day,Surf Field trip (Hillard/Surf Club),Mission HS,2018-10-25,2018-10-25,0
46852396,3621424,2,FY2018-2019,Surfers In Leadership Training (SILT),Grades K-12 - Summer,SILT SUMMER CAMP SESSION 2: Booker T. Washington,Mission HS,2019-06-25,2019-06-27,2
46852831,3528219,1,FY2018-2019,Intro to Surfing Field Trips,Grades K-12 - Afterschool/Extended Day,Surf Field Trip (Surf Club),Mission HS,2019-04-04,2019-04-04,0
46852855,3527022,1,FY2018-2019,Intro to Surfing Field Trips,Grades K-12 - Afterschool/Extended Day,Surf Field Trip (Feingold-Shaw),Mission HS,2019-03-14,2019-03-14,0
46853709,3517784,4,FY2018-2019,Surfing 101 HS/PE Course,Grades K-12 - Afterschool/Extended Day,Week Without Walls (March 2019),Leadership HS Charter,2019-03-18,2019-03-22,4
46853895,3476343,1,FY2018-2019,Intro to Surfing Field Trips,Grades K-12 - Afterschool/Extended Day,Surf Field (Fiengold-Shaw),Mission HS,2018-11-01,2018-11-01,0
46854059,3421146,2,FY2018-2019,Surfers In Leadership Training (SILT),Grades K-12 - Summer,SILT Summer Surf Day Camps,Mission HS,2018-07-10,2018-08-02,23
46854679,3527022,1,FY2018-2019,Intro to Surfing Field Trips,Grades K-12 - Afterschool/Extended Day,Surf Field Trip (Feingold-Shaw),Mission HS,2019-03-14,2019-03-14,0
46854847,3384580,53,FY2018-2019,Surfing 101 HS/PE Course,Grades K-12 - Afterschool/Extended Day,Mission Surfing 101 Course,Mission HS,2018-08-20,2019-05-29,282
46855204,3384580,76,FY2018-2019,Surfing 101 HS/PE Course,Grades K-12 - Afterschool/Extended Day,Mission Surfing 101 Course,Mission HS,2018-08-20,2019-05-29,282
46855688,3420417,1,FY2018-2019,Intro to Surfing Field Trips,Grades K-12 - Afterschool/Extended Day,Surf Field Trip (Finegold-Shaw),Mission HS,2018-09-27,2018-09-27,0
46855710,3517784,5,FY2018-2019,Surfing 101 HS/PE Course,Grades K-12 - Afterschool/Extended Day,Week Without Walls (March 2019),Leadership HS Charter,2019-03-18,2019-03-22,4
46856099,3440566,1,FY2018-2019,Intro to Surfing Field Trips,Grades K-12 - Afterschool/Extended Day,Surf Field Trip (Surf Club),Mission HS,2018-09-13,2018-09-13,0
46856099,3474149,1,FY2018-2019,Intro to Surfing Field Trips,Grades K-12 - Afterschool/Extended Day,Surf Field Trip (Surf Club),Mission HS,2018-11-08,2018-11-08,0
46856099,3476388,1,FY2018-2019,Intro to Surfing Field Trips,Grades K-12 - Afterschool/Extended Day,Surf Field Trip (Hallinan),Mission HS,2018-10-11,2018-10-11,0
46856099,3480978,1,FY2018-2019,Intro to Surfing Field Trips,Grades K-12 - Afterschool/Extended Day,Surf Field Trip (Surf Club),Mission HS,2019-02-21,2019-02-21,0
46856130,3621419,6,FY2018-2019,Surfers In Leadership Training (SILT),Grades K-12 - Summer,SILT 2019 Backpacking/Camp/Surf Training,Mission HS,2019-06-08,2019-06-13,5
46856144,3517784,5,FY2018-2019,Surfing 101 HS/PE Course,Grades K-12 - Afterschool/Extended Day,Week Without Walls (March 2019),Leadership HS Charter,2019-03-18,2019-03-22,4
46856222,3475642,1,FY2018-2019,Intro to Surfing Field Trips,Grades K-12 - Afterschool/Extended Day,John O'Connell Field Trip 12/15/18,O'Connell (John) HS,2018-12-15,2018-12-15,0
46856271,3528219,1,FY2018-2019,Intro to Surfing Field Trips,Grades K-12 - Afterschool/Extended Day,Surf Field Trip (Surf Club),Mission HS,2019-04-04,2019-04-04,0
46856271,3535966,1,FY2018-2019,Intro to Surfing Field Trips,Grades K-12 - Afterschool/Extended Day,Surf Field Trip (Surf Club),Mission HS,2019-05-02,2019-05-02,0
46856497,3440566,1,FY2018-2019,Intro to Surfing Field Trips,Grades K-12 - Afterschool/Extended Day,Surf Field Trip (Surf Club),Mission HS,2018-09-13,2018-09-13,0
46856497,3474121,1,FY2018-2019,Intro to Surfing Field Trips,Grades K-12 - Afterschool/Extended Day,Surf Field Trip (Skate Club),Mission HS,2018-10-18,2018-10-18,0
46856497,3474149,1,FY2018-2019,Intro to Surfing Field Trips,Grades K-12 - Afterschool/Extended Day,Surf Field Trip (Surf Club),Mission HS,2018-11-08,2018-11-08,0
46856497,3535966,1,FY2018-2019,Intro to Surfing Field Trips,Grades K-12 - Afterschool/Extended Day,Surf Field Trip (Surf Club),Mission HS,2019-05-02,2019-05-02,0
46856497,3538029,1,FY2018-2019,Intro to Surfing Field Trips,Grades K-12 - Afterschool/Extended Day,Surf Field Trip (Pritchard),Mission HS,2019-05-23,2019-05-23,0
46856557,3538029,1,FY2018-2019,Intro to Surfing Field Trips,Grades K-12 - Afterschool/Extended Day,Surf Field Trip (Pritchard),Mission HS,2019-05-23,2019-05-23,0
46856759,3499367,1,FY2018-2019,Intro to Surfing Field Trips,Grades K-12 - Afterschool/Extended Day,Surf Field Trip (Mufti),Mission HS,2019-02-14,2019-02-14,0
46857181,3384580,77,FY2018-2019,Surfing 101 HS/PE Course,Grades K-12 - Afterschool/Extended Day,Mission Surfing 101 Course,Mission HS,2018-08-20,2019-05-29,282
46857181,3499217,1,FY2018-2019,Intro to Surfing Field Trips,Grades K-12 - Afterschool/Extended Day,Surf Field Trip (Dragonboat),Mission HS,2019-03-21,2019-03-21,0
46857186,3384580,67,FY2018-2019,Surfing 101 HS/PE Course,Grades K-12 - Afterschool/Extended Day,Mission Surfing 101 Course,Mission HS,2018-08-20,2019-05-29,282
46857421,3474515,2,FY2018-2019,Surfing 101 HS/PE Course,Grades K-12 - Afterschool/Extended Day,Independence HS Surfing 101/ 2018-2019 School Year,Independence HS,2018-08-28,2019-05-21,266
46857740,3384580,67,FY2018-2019,Surfing 101 HS/PE Course,Grades K-12 - Afterschool/Extended Day,Mission Surfing 101 Course,Mission HS,2018-08-20,2019-05-29,282
46857758,3517784,5,FY2018-2019,Surfing 101 HS/PE Course,Grades K-12 - Afterschool/Extended Day,Week Without Walls (March 2019),Leadership HS Charter,2019-03-18,2019-03-22,4
46857834,3421146,2,FY2018-2019,Surfers In Leadership Training (SILT),Grades K-12 - Summer,SILT Summer Surf Day Camps,Mission HS,2018-07-10,2018-08-02,23
46857834,3440566,1,FY2018-2019,Intro to Surfing Field Trips,Grades K-12 - Afterschool/Extended Day,Surf Field Trip (Surf Club),Mission HS,2018-09-13,2018-09-13,0
46857834,3440661,1,FY2018-2019,Intro to Surfing Field Trips,Grades K-12 - Afterschool/Extended Day,Surf Field Trip (Kimball),Mission HS,2018-09-20,2018-09-20,0
46857834,3454339,1,FY2018-2019,Intro to Surfing Field Trips,Grades K-12 - Afterschool/Extended Day,Surf Field Trip (Surf Club),Mission HS,2018-12-21,2018-12-21,0
46857834,3474121,1,FY2018-2019,Intro to Surfing Field Trips,Grades K-12 - Afterschool/Extended Day,Surf Field Trip (Skate Club),Mission HS,2018-10-18,2018-10-18,0
46857834,3474149,1,FY2018-2019,Intro to Surfing Field Trips,Grades K-12 - Afterschool/Extended Day,Surf Field Trip (Surf Club),Mission HS,2018-11-08,2018-11-08,0
46857834,3480978,1,FY2018-2019,Intro to Surfing Field Trips,Grades K-12 - Afterschool/Extended Day,Surf Field Trip (Surf Club),Mission HS,2019-02-21,2019-02-21,0
46857834,3499217,1,FY2018-2019,Intro to Surfing Field Trips,Grades K-12 - Afterschool/Extended Day,Surf Field Trip (Dragonboat),Mission HS,2019-03-21,2019-03-21,0
46857834,3526992,1,FY2018-2019,Intro to Surfing Field Trips,Grades K-12 - Afterschool/Extended Day,Surf Field Trip (Surf Club),Mission HS,2019-03-07,2019-03-07,0
46857834,3528219,1,FY2018-2019,Intro to Surfing Field Trips,Grades K-12 - Afterschool/Extended Day,Surf Field Trip (Surf Club),Mission HS,2019-04-04,2019-04-04,0
46857834,3535966,1,FY2018-2019,Intro to Surfing Field Trips,Grades K-12 - Afterschool/Extended Day,Surf Field Trip (Surf Club),Mission HS,2019-05-02,2019-05-02,0
46857834,3620656,1,FY2018-2019,Intro to Surfing Field Trips,Grades K-12 - Afterschool/Extended Day,Mission Surf Club,Mission HS,2019-05-18,2019-05-18,0
46857834,3621419,3,FY2018-2019,Surfers In Leadership Training (SILT),Grades K-12 - Summer,SILT 2019 Backpacking/Camp/Surf Training,Mission HS,2019-06-08,2019-06-13,5
46857910,3417045,15,FY2018-2019,Surfing 101 HS/PE Course,Grades K-12 - Afterschool/Extended Day,Leadership Surfing 101,Leadership HS Charter,2018-08-29,2019-05-22,266
46857910,3517784,4,FY2018-2019,Surfing 101 HS/PE Course,Grades K-12 - Afterschool/Extended Day,Week Without Walls (March 2019),Leadership HS Charter,2019-03-18,2019-03-22,4
46858392,3499367,1,FY2018-2019,Intro to Surfing Field Trips,Grades K-12 - Afterschool/Extended Day,Surf Field Trip (Mufti),Mission HS,2019-02-14,2019-02-14,0
46858397,3440566,1,FY2018-2019,Intro to Surfing Field Trips,Grades K-12 - Afterschool/Extended Day,Surf Field Trip (Surf Club),Mission HS,2018-09-13,2018-09-13,0
46858397,3474149,1,FY2018-2019,Intro to Surfing Field Trips,Grades K-12 - Afterschool/Extended Day,Surf Field Trip (Surf Club),Mission HS,2018-11-08,2018-11-08,0
46858930,3528219,1,FY2018-2019,Intro to Surfing Field Trips,Grades K-12 - Afterschool/Extended Day,Surf Field Trip (Surf Club),Mission HS,2019-04-04,2019-04-04,0
46858962,3440661,1,FY2018-2019,Intro to Surfing Field Trips,Grades K-12 - Afterschool/Extended Day,Surf Field Trip (Kimball),Mission HS,2018-09-20,2018-09-20,0
46858992,3384580,58,FY2018-2019,Surfing 101 HS/PE Course,Grades K-12 - Afterschool/Extended Day,Mission Surfing 101 Course,Mission HS,2018-08-20,2019-05-29,282
46859030,3420508,1,FY2018-2019,Intro to Surfing Field Trips,Grades K-12 - Afterschool/Extended Day,Surf Field Trip (Shafer),Mission HS,2018-08-30,2018-08-30,0
46859347,3476343,1,FY2018-2019,Intro to Surfing Field Trips,Grades K-12 - Afterschool/Extended Day,Surf Field (Fiengold-Shaw),Mission HS,2018-11-01,2018-11-01,0
46859410,3420417,1,FY2018-2019,Intro to Surfing Field Trips,Grades K-12 - Afterschool/Extended Day,Surf Field Trip (Finegold-Shaw),Mission HS,2018-09-27,2018-09-27,0
46859411,3527022,1,FY2018-2019,Intro to Surfing Field Trips,Grades K-12 - Afterschool/Extended Day,Surf Field Trip (Feingold-Shaw),Mission HS,2019-03-14,2019-03-14,0
46860420,3429906,1,FY2018-2019,Intro to Surfing Field Trips,Grades K-12 - Afterschool/Extended Day,Surf Field Trip (Shah),Mission HS,2018-09-06,2018-09-06,0
46861070,3476343,1,FY2018-2019,Intro to Surfing Field Trips,Grades K-12 - Afterschool/Extended Day,Surf Field (Fiengold-Shaw),Mission HS,2018-11-01,2018-11-01,0
46861804,3420417,1,FY2018-2019,Intro to Surfing Field Trips,Grades K-12 - Afterschool/Extended Day,Surf Field Trip (Finegold-Shaw),Mission HS,2018-09-27,2018-09-27,0
46861804,3421146,2,FY2018-2019,Surfers In Leadership Training (SILT),Grades K-12 - Summer,SILT Summer Surf Day Camps,Mission HS,2018-07-10,2018-08-02,23
46861804,3440566,1,FY2018-2019,Intro to Surfing Field Trips,Grades K-12 - Afterschool/Extended Day,Surf Field Trip (Surf Club),Mission HS,2018-09-13,2018-09-13,0
46861804,3440661,1,FY2018-2019,Intro to Surfing Field Trips,Grades K-12 - Afterschool/Extended Day,Surf Field Trip (Kimball),Mission HS,2018-09-20,2018-09-20,0
46861804,3454339,1,FY2018-2019,Intro to Surfing Field Trips,Grades K-12 - Afterschool/Extended Day,Surf Field Trip (Surf Club),Mission HS,2018-12-21,2018-12-21,0
46861804,3473499,1,FY2018-2019,Intro to Surfing Field Trips,Grades K-12 - Afterschool/Extended Day,Surf Field Trip (Surf Club),Mission HS,2018-10-04,2018-10-04,0
46861804,3474121,1,FY2018-2019,Intro to Surfing Field Trips,Grades K-12 - Afterschool/Extended Day,Surf Field Trip (Skate Club),Mission HS,2018-10-18,2018-10-18,0
46861804,3474149,1,FY2018-2019,Intro to Surfing Field Trips,Grades K-12 - Afterschool/Extended Day,Surf Field Trip (Surf Club),Mission HS,2018-11-08,2018-11-08,0
46861804,3476343,1,FY2018-2019,Intro to Surfing Field Trips,Grades K-12 - Afterschool/Extended Day,Surf Field (Fiengold-Shaw),Mission HS,2018-11-01,2018-11-01,0
46861804,3476373,1,FY2018-2019,Intro to Surfing Field Trips,Grades K-12 - Afterschool/Extended Day,Surf Field trip (Hillard/Surf Club),Mission HS,2018-10-25,2018-10-25,0
46861804,3526992,1,FY2018-2019,Intro to Surfing Field Trips,Grades K-12 - Afterschool/Extended Day,Surf Field Trip (Surf Club),Mission HS,2019-03-07,2019-03-07,0
46861804,3527022,1,FY2018-2019,Intro to Surfing Field Trips,Grades K-12 - Afterschool/Extended Day,Surf Field Trip (Feingold-Shaw),Mission HS,2019-03-14,2019-03-14,0
46861804,3528219,1,FY2018-2019,Intro to Surfing Field Trips,Grades K-12 - Afterschool/Extended Day,Surf Field Trip (Surf Club),Mission HS,2019-04-04,2019-04-04,0
46861804,3528332,1,FY2018-2019,Intro to Surfing Field Trips,Grades K-12 - Afterschool/Extended Day,Surf Field Trip (Feingold-Shaw),Mission HS,2019-04-11,2019-04-11,0
46861804,3528375,1,FY2018-2019,Intro to Surfing Field Trips,Grades K-12 - Afterschool/Extended Day,Surf Field Trip (Safavi),Mission HS,2019-04-25,2019-04-25,0
46861804,3535885,1,FY2018-2019,Intro to Surfing Field Trips,Grades K-12 - Afterschool/Extended Day,Surf Field Trip (Kimball),Mission HS,2019-04-18,2019-04-18,0
46861804,3535966,1,FY2018-2019,Intro to Surfing Field Trips,Grades K-12 - Afterschool/Extended Day,Surf Field Trip (Surf Club),Mission HS,2019-05-02,2019-05-02,0
46861804,3536052,1,FY2018-2019,Intro to Surfing Field Trips,Grades K-12 - Afterschool/Extended Day,Surf Field Trip (Safavi),Mission HS,2019-05-09,2019-05-09,0
46861804,3538008,1,FY2018-2019,Intro to Surfing Field Trips,Grades K-12 - Afterschool/Extended Day,Surf Field Trip (Hallinan),Mission HS,2019-05-16,2019-05-16,0
46861804,3538029,1,FY2018-2019,Intro to Surfing Field Trips,Grades K-12 - Afterschool/Extended Day,Surf Field Trip (Pritchard),Mission HS,2019-05-23,2019-05-23,0
46861804,3620656,1,FY2018-2019,Intro to Surfing Field Trips,Grades K-12 - Afterschool/Extended Day,Mission Surf Club,Mission HS,2019-05-18,2019-05-18,0
46861904,3384580,61,FY2018-2019,Surfing 101 HS/PE Course,Grades K-12 - Afterschool/Extended Day,Mission Surfing 101 Course,Mission HS,2018-08-20,2019-05-29,282
46861938,3420508,1,FY2018-2019,Intro to Surfing Field Trips,Grades K-12 - Afterschool/Extended Day,Surf Field Trip (Shafer),Mission HS,2018-08-30,2018-08-30,0
46861947,3476343,1,FY2018-2019,Intro to Surfing Field Trips,Grades K-12 - Afterschool/Extended Day,Surf Field (Fiengold-Shaw),Mission HS,2018-11-01,2018-11-01,0
46862005,3517784,5,FY2018-2019,Surfing 101 HS/PE Course,Grades K-12 - Afterschool/Extended Day,Week Without Walls (March 2019),Leadership HS Charter,2019-03-18,2019-03-22,4
46862041,3476343,1,FY2018-2019,Intro to Surfing Field Trips,Grades K-12 - Afterschool/Extended Day,Surf Field (Fiengold-Shaw),Mission HS,2018-11-01,2018-11-01,0
46862331,3440566,1,FY2018-2019,Intro to Surfing Field Trips,Grades K-12 - Afterschool/Extended Day,Surf Field Trip (Surf Club),Mission HS,2018-09-13,2018-09-13,0
46862359,3538029,1,FY2018-2019,Intro to Surfing Field Trips,Grades K-12 - Afterschool/Extended Day,Surf Field Trip (Pritchard),Mission HS,2019-05-23,2019-05-23,0
46862430,3384580,42,FY2018-2019,Surfing 101 HS/PE Course,Grades K-12 - Afterschool/Extended Day,Mission Surfing 101 Course,Mission HS,2018-08-20,2019-05-29,282
46862518,3440661,1,FY2018-2019,Intro to Surfing Field Trips,Grades K-12 - Afterschool/Extended Day,Surf Field Trip (Kimball),Mission HS,2018-09-20,2018-09-20,0
46862978,3420417,1,FY2018-2019,Intro to Surfing Field Trips,Grades K-12 - Afterschool/Extended Day,Surf Field Trip (Finegold-Shaw),Mission HS,2018-09-27,2018-09-27,0
46862989,3476343,1,FY2018-2019,Intro to Surfing Field Trips,Grades K-12 - Afterschool/Extended Day,Surf Field (Fiengold-Shaw),Mission HS,2018-11-01,2018-11-01,0
46863022,3384580,66,FY2018-2019,Surfing 101 HS/PE Course,Grades K-12 - Afterschool/Extended Day,Mission Surfing 101 Course,Mission HS,2018-08-20,2019-05-29,282
46863022,3499380,1,FY2018-2019,Intro to Surfing Field Trips,Grades K-12 - Afterschool/Extended Day,Surf Field Trip (Fernandez),Mission HS,2019-02-07,2019-02-07,0
46863077,3384580,48,FY2018-2019,Surfing 101 HS/PE Course,Grades K-12 - Afterschool/Extended Day,Mission Surfing 101 Course,Mission HS,2018-08-20,2019-05-29,282
46863147,3384580,66,FY2018-2019,Surfing 101 HS/PE Course,Grades K-12 - Afterschool/Extended Day,Mission Surfing 101 Course,Mission HS,2018-08-20,2019-05-29,282
46863176,3440661,1,FY2018-2019,Intro to Surfing Field Trips,Grades K-12 - Afterschool/Extended Day,Surf Field Trip (Kimball),Mission HS,2018-09-20,2018-09-20,0
46863178,3384580,57,FY2018-2019,Surfing 101 HS/PE Course,Grades K-12 - Afterschool/Extended Day,Mission Surfing 101 Course,Mission HS,2018-08-20,2019-05-29,282
46863178,3440566,1,FY2018-2019,Intro to Surfing Field Trips,Grades K-12 - Afterschool/Extended Day,Surf Field Trip (Surf Club),Mission HS,2018-09-13,2018-09-13,0
46863178,3474149,1,FY2018-2019,Intro to Surfing Field Trips,Grades K-12 - Afterschool/Extended Day,Surf Field Trip (Surf Club),Mission HS,2018-11-08,2018-11-08,0
46863232,3528332,1,FY2018-2019,Intro to Surfing Field Trips,Grades K-12 - Afterschool/Extended Day,Surf Field Trip (Feingold-Shaw),Mission HS,2019-04-11,2019-04-11,0
46863487,3384580,70,FY2018-2019,Surfing 101 HS/PE Course,Grades K-12 - Afterschool/Extended Day,Mission Surfing 101 Course,Mission HS,2018-08-20,2019-05-29,282
46863515,3420417,1,FY2018-2019,Intro to Surfing Field Trips,Grades K-12 - Afterschool/Extended Day,Surf Field Trip (Finegold-Shaw),Mission HS,2018-09-27,2018-09-27,0
46863571,3384580,20,FY2018-2019,Surfing 101 HS/PE Course,Grades K-12 - Afterschool/Extended Day,Mission Surfing 101 Course,Mission HS,2018-08-20,2019-05-29,282
46863571,3473499,1,FY2018-2019,Intro to Surfing Field Trips,Grades K-12 - Afterschool/Extended Day,Surf Field Trip (Surf Club),Mission HS,2018-10-04,2018-10-04,0
46863571,3476373,1,FY2018-2019,Intro to Surfing Field Trips,Grades K-12 - Afterschool/Extended Day,Surf Field trip (Hillard/Surf Club),Mission HS,2018-10-25,2018-10-25,0
46864094,3621419,3,FY2018-2019,Surfers In Leadership Training (SILT),Grades K-12 - Summer,SILT 2019 Backpacking/Camp/Surf Training,Mission HS,2019-06-08,2019-06-13,5
46864506,3473499,1,FY2018-2019,Intro to Surfing Field Trips,Grades K-12 - Afterschool/Extended Day,Surf Field Trip (Surf Club),Mission HS,2018-10-04,2018-10-04,0
46864506,3476373,1,FY2018-2019,Intro to Surfing Field Trips,Grades K-12 - Afterschool/Extended Day,Surf Field trip (Hillard/Surf Club),Mission HS,2018-10-25,2018-10-25,0
46864631,3420417,1,FY2018-2019,Intro to Surfing Field Trips,Grades K-12 - Afterschool/Extended Day,Surf Field Trip (Finegold-Shaw),Mission HS,2018-09-27,2018-09-27,0
46864631,3527022,1,FY2018-2019,Intro to Surfing Field Trips,Grades K-12 - Afterschool/Extended Day,Surf Field Trip (Feingold-Shaw),Mission HS,2019-03-14,2019-03-14,0
46864770,3417045,28,FY2018-2019,Surfing 101 HS/PE Course,Grades K-12 - Afterschool/Extended Day,Leadership Surfing 101,Leadership HS Charter,2018-08-29,2019-05-22,266
46864770,3517784,4,FY2018-2019,Surfing 101 HS/PE Course,Grades K-12 - Afterschool/Extended Day,Week Without Walls (March 2019),Leadership HS Charter,2019-03-18,2019-03-22,4
46864770,3621418,3,FY2018-2019,Surfers In Leadership Training (SILT),Grades K-12 - Summer,SILT SUMMER CAMP SESSION 1: Faces SF,Mission HS,2019-06-18,2019-06-20,2
46864770,3621419,6,FY2018-2019,Surfers In Leadership Training (SILT),Grades K-12 - Summer,SILT 2019 Backpacking/Camp/Surf Training,Mission HS,2019-06-08,2019-06-13,5
46864830,3538029,1,FY2018-2019,Intro to Surfing Field Trips,Grades K-12 - Afterschool/Extended Day,Surf Field Trip (Pritchard),Mission HS,2019-05-23,2019-05-23,0
46864840,3474515,1,FY2018-2019,Surfing 101 HS/PE Course,Grades K-12 - Afterschool/Extended Day,Independence HS Surfing 101/ 2018-2019 School Year,Independence HS,2018-08-28,2019-05-21,266
46865216,3440566,1,FY2018-2019,Intro to Surfing Field Trips,Grades K-12 - Afterschool/Extended Day,Surf Field Trip (Surf Club),Mission HS,2018-09-13,2018-09-13,0
46865216,3499367,1,FY2018-2019,Intro to Surfing Field Trips,Grades K-12 - Afterschool/Extended Day,Surf Field Trip (Mufti),Mission HS,2019-02-14,2019-02-14,0
46865216,3499380,1,FY2018-2019,Intro to Surfing Field Trips,Grades K-12 - Afterschool/Extended Day,Surf Field Trip (Fernandez),Mission HS,2019-02-07,2019-02-07,0
46865367,3429906,1,FY2018-2019,Intro to Surfing Field Trips,Grades K-12 - Afterschool/Extended Day,Surf Field Trip (Shah),Mission HS,2018-09-06,2018-09-06,0
46865527,3621418,3,FY2018-2019,Surfers In Leadership Training (SILT),Grades K-12 - Summer,SILT SUMMER CAMP SESSION 1: Faces SF,Mission HS,2019-06-18,2019-06-20,2
46865675,3429906,1,FY2018-2019,Intro to Surfing Field Trips,Grades K-12 - Afterschool/Extended Day,Surf Field Trip (Shah),Mission HS,2018-09-06,2018-09-06,0
46866159,3473499,1,FY2018-2019,Intro to Surfing Field Trips,Grades K-12 - Afterschool/Extended Day,Surf Field Trip (Surf Club),Mission HS,2018-10-04,2018-10-04,0
46866159,3476373,1,FY2018-2019,Intro to Surfing Field Trips,Grades K-12 - Afterschool/Extended Day,Surf Field trip (Hillard/Surf Club),Mission HS,2018-10-25,2018-10-25,0
46866189,3517784,4,FY2018-2019,Surfing 101 HS/PE Course,Grades K-12 - Afterschool/Extended Day,Week Without Walls (March 2019),Leadership HS Charter,2019-03-18,2019-03-22,4
46866228,3517784,4,FY2018-2019,Surfing 101 HS/PE Course,Grades K-12 - Afterschool/Extended Day,Week Without Walls (March 2019),Leadership HS Charter,2019-03-18,2019-03-22,4
46866297,3475642,1,FY2018-2019,Intro to Surfing Field Trips,Grades K-12 - Afterschool/Extended Day,John O'Connell Field Trip 12/15/18,O'Connell (John) HS,2018-12-15,2018-12-15,0
46866343,3384580,62,FY2018-2019,Surfing 101 HS/PE Course,Grades K-12 - Afterschool/Extended Day,Mission Surfing 101 Course,Mission HS,2018-08-20,2019-05-29,282
46866602,3527022,1,FY2018-2019,Intro to Surfing Field Trips,Grades K-12 - Afterschool/Extended Day,Surf Field Trip (Feingold-Shaw),Mission HS,2019-03-14,2019-03-14,0
46866869,3440566,1,FY2018-2019,Intro to Surfing Field Trips,Grades K-12 - Afterschool/Extended Day,Surf Field Trip (Surf Club),Mission HS,2018-09-13,2018-09-13,0
46866869,3474121,1,FY2018-2019,Intro to Surfing Field Trips,Grades K-12 - Afterschool/Extended Day,Surf Field Trip (Skate Club),Mission HS,2018-10-18,2018-10-18,0
46866869,3474149,1,FY2018-2019,Intro to Surfing Field Trips,Grades K-12 - Afterschool/Extended Day,Surf Field Trip (Surf Club),Mission HS,2018-11-08,2018-11-08,0
46866869,3535966,1,FY2018-2019,Intro to Surfing Field Trips,Grades K-12 - Afterschool/Extended Day,Surf Field Trip (Surf Club),Mission HS,2019-05-02,2019-05-02,0
46866869,3538029,1,FY2018-2019,Intro to Surfing Field Trips,Grades K-12 - Afterschool/Extended Day,Surf Field Trip (Pritchard),Mission HS,2019-05-23,2019-05-23,0
46866877,3475642,1,FY2018-2019,Intro to Surfing Field Trips,Grades K-12 - Afterschool/Extended Day,John O'Connell Field Trip 12/15/18,O'Connell (John) HS,2018-12-15,2018-12-15,0
46866889,3474515,13,FY2018-2019,Surfing 101 HS/PE Course,Grades K-12 - Afterschool/Extended Day,Independence HS Surfing 101/ 2018-2019 School Year,Independence HS,2018-08-28,2019-05-21,266
46867140,3440566,1,FY2018-2019,Intro to Surfing Field Trips,Grades K-12 - Afterschool/Extended Day,Surf Field Trip (Surf Club),Mission HS,2018-09-13,2018-09-13,0
46867140,3440661,1,FY2018-2019,Intro to Surfing Field Trips,Grades K-12 - Afterschool/Extended Day,Surf Field Trip (Kimball),Mission HS,2018-09-20,2018-09-20,0
46867140,3474121,1,FY2018-2019,Intro to Surfing Field Trips,Grades K-12 - Afterschool/Extended Day,Surf Field Trip (Skate Club),Mission HS,2018-10-18,2018-10-18,0
46867140,3499217,1,FY2018-2019,Intro to Surfing Field Trips,Grades K-12 - Afterschool/Extended Day,Surf Field Trip (Dragonboat),Mission HS,2019-03-21,2019-03-21,0
46867140,3527022,1,FY2018-2019,Intro to Surfing Field Trips,Grades K-12 - Afterschool/Extended Day,Surf Field Trip (Feingold-Shaw),Mission HS,2019-03-14,2019-03-14,0
46867140,3528219,1,FY2018-2019,Intro to Surfing Field Trips,Grades K-12 - Afterschool/Extended Day,Surf Field Trip (Surf Club),Mission HS,2019-04-04,2019-04-04,0
46867140,3528375,1,FY2018-2019,Intro to Surfing Field Trips,Grades K-12 - Afterschool/Extended Day,Surf Field Trip (Safavi),Mission HS,2019-04-25,2019-04-25,0
46867140,3535885,1,FY2018-2019,Intro to Surfing Field Trips,Grades K-12 - Afterschool/Extended Day,Surf Field Trip (Kimball),Mission HS,2019-04-18,2019-04-18,0
46867140,3621419,6,FY2018-2019,Surfers In Leadership Training (SILT),Grades K-12 - Summer,SILT 2019 Backpacking/Camp/Surf Training,Mission HS,2019-06-08,2019-06-13,5
46867236,3526992,1,FY2018-2019,Intro to Surfing Field Trips,Grades K-12 - Afterschool/Extended Day,Surf Field Trip (Surf Club),Mission HS,2019-03-07,2019-03-07,0
46867481,3527022,1,FY2018-2019,Intro to Surfing Field Trips,Grades K-12 - Afterschool/Extended Day,Surf Field Trip (Feingold-Shaw),Mission HS,2019-03-14,2019-03-14,0
46867626,3621418,3,FY2018-2019,Surfers In Leadership Training (SILT),Grades K-12 - Summer,SILT SUMMER CAMP SESSION 1: Faces SF,Mission HS,2019-06-18,2019-06-20,2
46867838,3440566,1,FY2018-2019,Intro to Surfing Field Trips,Grades K-12 - Afterschool/Extended Day,Surf Field Trip (Surf Club),Mission HS,2018-09-13,2018-09-13,0
46867838,3440661,1,FY2018-2019,Intro to Surfing Field Trips,Grades K-12 - Afterschool/Extended Day,Surf Field Trip (Kimball),Mission HS,2018-09-20,2018-09-20,0
46867838,3474149,1,FY2018-2019,Intro to Surfing Field Trips,Grades K-12 - Afterschool/Extended Day,Surf Field Trip (Surf Club),Mission HS,2018-11-08,2018-11-08,0
46867944,3384580,31,FY2018-2019,Surfing 101 HS/PE Course,Grades K-12 - Afterschool/Extended Day,Mission Surfing 101 Course,Mission HS,2018-08-20,2019-05-29,282
46867944,3476388,1,FY2018-2019,Intro to Surfing Field Trips,Grades K-12 - Afterschool/Extended Day,Surf Field Trip (Hallinan),Mission HS,2018-10-11,2018-10-11,0
46867952,3440566,1,FY2018-2019,Intro to Surfing Field Trips,Grades K-12 - Afterschool/Extended Day,Surf Field Trip (Surf Club),Mission HS,2018-09-13,2018-09-13,0
46867952,3474149,1,FY2018-2019,Intro to Surfing Field Trips,Grades K-12 - Afterschool/Extended Day,Surf Field Trip (Surf Club),Mission HS,2018-11-08,2018-11-08,0
46868024,3384580,58,FY2018-2019,Surfing 101 HS/PE Course,Grades K-12 - Afterschool/Extended Day,Mission Surfing 101 Course,Mission HS,2018-08-20,2019-05-29,282
46868027,3474515,1,FY2018-2019,Surfing 101 HS/PE Course,Grades K-12 - Afterschool/Extended Day,Independence HS Surfing 101/ 2018-2019 School Year,Independence HS,2018-08-28,2019-05-21,266
46868505,3429906,1,FY2018-2019,Intro to Surfing Field Trips,Grades K-12 - Afterschool/Extended Day,Surf Field Trip (Shah),Mission HS,2018-09-06,2018-09-06,0
46868514,3417045,15,FY2018-2019,Surfing 101 HS/PE Course,Grades K-12 - Afterschool/Extended Day,Leadership Surfing 101,Leadership HS Charter,2018-08-29,2019-05-22,266
46868566,3475642,1,FY2018-2019,Intro to Surfing Field Trips,Grades K-12 - Afterschool/Extended Day,John O'Connell Field Trip 12/15/18,O'Connell (John) HS,2018-12-15,2018-12-15,0
46868601,3528375,1,FY2018-2019,Intro to Surfing Field Trips,Grades K-12 - Afterschool/Extended Day,Surf Field Trip (Safavi),Mission HS,2019-04-25,2019-04-25,0
46868638,3384580,18,FY2018-2019,Surfing 101 HS/PE Course,Grades K-12 - Afterschool/Extended Day,Mission Surfing 101 Course,Mission HS,2018-08-20,2019-05-29,282
46868788,3621418,3,FY2018-2019,Surfers In Leadership Training (SILT),Grades K-12 - Summer,SILT SUMMER CAMP SESSION 1: Faces SF,Mission HS,2019-06-18,2019-06-20,2
46868900,3440566,1,FY2018-2019,Intro to Surfing Field Trips,Grades K-12 - Afterschool/Extended Day,Surf Field Trip (Surf Club),Mission HS,2018-09-13,2018-09-13,0
46868900,3473499,1,FY2018-2019,Intro to Surfing Field Trips,Grades K-12 - Afterschool/Extended Day,Surf Field Trip (Surf Club),Mission HS,2018-10-04,2018-10-04,0
46868900,3474121,1,FY2018-2019,Intro to Surfing Field Trips,Grades K-12 - Afterschool/Extended Day,Surf Field Trip (Skate Club),Mission HS,2018-10-18,2018-10-18,0
46868900,3474149,1,FY2018-2019,Intro to Surfing Field Trips,Grades K-12 - Afterschool/Extended Day,Surf Field Trip (Surf Club),Mission HS,2018-11-08,2018-11-08,0
46868900,3476373,1,FY2018-2019,Intro to Surfing Field Trips,Grades K-12 - Afterschool/Extended Day,Surf Field trip (Hillard/Surf Club),Mission HS,2018-10-25,2018-10-25,0
46868962,3527022,1,FY2018-2019,Intro to Surfing Field Trips,Grades K-12 - Afterschool/Extended Day,Surf Field Trip (Feingold-Shaw),Mission HS,2019-03-14,2019-03-14,0
46868996,3384580,61,FY2018-2019,Surfing 101 HS/PE Course,Grades K-12 - Afterschool/Extended Day,Mission Surfing 101 Course,Mission HS,2018-08-20,2019-05-29,282
46868996,3474121,1,FY2018-2019,Intro to Surfing Field Trips,Grades K-12 - Afterschool/Extended Day,Surf Field Trip (Skate Club),Mission HS,2018-10-18,2018-10-18,0
46869531,3384580,84,FY2018-2019,Surfing 101 HS/PE Course,Grades K-12 - Afterschool/Extended Day,Mission Surfing 101 Course,Mission HS,2018-08-20,2019-05-29,282
46869531,3499217,1,FY2018-2019,Intro to Surfing Field Trips,Grades K-12 - Afterschool/Extended Day,Surf Field Trip (Dragonboat),Mission HS,2019-03-21,2019-03-21,0
46869531,3536052,1,FY2018-2019,Intro to Surfing Field Trips,Grades K-12 - Afterschool/Extended Day,Surf Field Trip (Safavi),Mission HS,2019-05-09,2019-05-09,0
46869566,3476343,1,FY2018-2019,Intro to Surfing Field Trips,Grades K-12 - Afterschool/Extended Day,Surf Field (Fiengold-Shaw),Mission HS,2018-11-01,2018-11-01,0
46869656,3429906,1,FY2018-2019,Intro to Surfing Field Trips,Grades K-12 - Afterschool/Extended Day,Surf Field Trip (Shah),Mission HS,2018-09-06,2018-09-06,0
46869856,3621424,3,FY2018-2019,Surfers In Leadership Training (SILT),Grades K-12 - Summer,SILT SUMMER CAMP SESSION 2: Booker T. Washington,Mission HS,2019-06-25,2019-06-27,2
46870550,3429906,1,FY2018-2019,Intro to Surfing Field Trips,Grades K-12 - Afterschool/Extended Day,Surf Field Trip (Shah),Mission HS,2018-09-06,2018-09-06,0
46870585,3476388,1,FY2018-2019,Intro to Surfing Field Trips,Grades K-12 - Afterschool/Extended Day,Surf Field Trip (Hallinan),Mission HS,2018-10-11,2018-10-11,0
46870641,3429906,1,FY2018-2019,Intro to Surfing Field Trips,Grades K-12 - Afterschool/Extended Day,Surf Field Trip (Shah),Mission HS,2018-09-06,2018-09-06,0
46871021,3476343,1,FY2018-2019,Intro to Surfing Field Trips,Grades K-12 - Afterschool/Extended Day,Surf Field (Fiengold-Shaw),Mission HS,2018-11-01,2018-11-01,0
46871067,3420417,1,FY2018-2019,Intro to Surfing Field Trips,Grades K-12 - Afterschool/Extended Day,Surf Field Trip (Finegold-Shaw),Mission HS,2018-09-27,2018-09-27,0
46871123,3384580,81,FY2018-2019,Surfing 101 HS/PE Course,Grades K-12 - Afterschool/Extended Day,Mission Surfing 101 Course,Mission HS,2018-08-20,2019-05-29,282
46871123,3454339,1,FY2018-2019,Intro to Surfing Field Trips,Grades K-12 - Afterschool/Extended Day,Surf Field Trip (Surf Club),Mission HS,2018-12-21,2018-12-21,0
46871146,3528332,1,FY2018-2019,Intro to Surfing Field Trips,Grades K-12 - Afterschool/Extended Day,Surf Field Trip (Feingold-Shaw),Mission HS,2019-04-11,2019-04-11,0
46871535,3417045,13,FY2018-2019,Surfing 101 HS/PE Course,Grades K-12 - Afterschool/Extended Day,Leadership Surfing 101,Leadership HS Charter,2018-08-29,2019-05-22,266
46871552,3535885,1,FY2018-2019,Intro to Surfing Field Trips,Grades K-12 - Afterschool/Extended Day,Surf Field Trip (Kimball),Mission HS,2019-04-18,2019-04-18,0
46871585,3475642,1,FY2018-2019,Intro to Surfing Field Trips,Grades K-12 - Afterschool/Extended Day,John O'Connell Field Trip 12/15/18,O'Connell (John) HS,2018-12-15,2018-12-15,0
46871661,3476388,1,FY2018-2019,Intro to Surfing Field Trips,Grades K-12 - Afterschool/Extended Day,Surf Field Trip (Hallinan),Mission HS,2018-10-11,2018-10-11,0
46871661,3528332,1,FY2018-2019,Intro to Surfing Field Trips,Grades K-12 - Afterschool/Extended Day,Surf Field Trip (Feingold-Shaw),Mission HS,2019-04-11,2019-04-11,0
46871689,3440566,1,FY2018-2019,Intro to Surfing Field Trips,Grades K-12 - Afterschool/Extended Day,Surf Field Trip (Surf Club),Mission HS,2018-09-13,2018-09-13,0
46871689,3476388,1,FY2018-2019,Intro to Surfing Field Trips,Grades K-12 - Afterschool/Extended Day,Surf Field Trip (Hallinan),Mission HS,2018-10-11,2018-10-11,0
46872027,3621424,3,FY2018-2019,Surfers In Leadership Training (SILT),Grades K-12 - Summer,SILT SUMMER CAMP SESSION 2: Booker T. Washington,Mission HS,2019-06-25,2019-06-27,2
46872115,3384580,45,FY2018-2019,Surfing 101 HS/PE Course,Grades K-12 - Afterschool/Extended Day,Mission Surfing 101 Course,Mission HS,2018-08-20,2019-05-29,282
46872155,3517784,5,FY2018-2019,Surfing 101 HS/PE Course,Grades K-12 - Afterschool/Extended Day,Week Without Walls (March 2019),Leadership HS Charter,2019-03-18,2019-03-22,4
46872683,3417045,10,FY2018-2019,Surfing 101 HS/PE Course,Grades K-12 - Afterschool/Extended Day,Leadership Surfing 101,Leadership HS Charter,2018-08-29,2019-05-22,266
46872695,3417045,12,FY2018-2019,Surfing 101 HS/PE Course,Grades K-12 - Afterschool/Extended Day,Leadership Surfing 101,Leadership HS Charter,2018-08-29,2019-05-22,266
46872724,3384580,25,FY2018-2019,Surfing 101 HS/PE Course,Grades K-12 - Afterschool/Extended Day,Mission Surfing 101 Course,Mission HS,2018-08-20,2019-05-29,282
46872848,3421146,2,FY2018-2019,Surfers In Leadership Training (SILT),Grades K-12 - Summer,SILT Summer Surf Day Camps,Mission HS,2018-07-10,2018-08-02,23
46872848,3440566,1,FY2018-2019,Intro to Surfing Field Trips,Grades K-12 - Afterschool/Extended Day,Surf Field Trip (Surf Club),Mission HS,2018-09-13,2018-09-13,0
46872848,3473499,1,FY2018-2019,Intro to Surfing Field Trips,Grades K-12 - Afterschool/Extended Day,Surf Field Trip (Surf Club),Mission HS,2018-10-04,2018-10-04,0
46872848,3474121,1,FY2018-2019,Intro to Surfing Field Trips,Grades K-12 - Afterschool/Extended Day,Surf Field Trip (Skate Club),Mission HS,2018-10-18,2018-10-18,0
46872848,3476373,1,FY2018-2019,Intro to Surfing Field Trips,Grades K-12 - Afterschool/Extended Day,Surf Field trip (Hillard/Surf Club),Mission HS,2018-10-25,2018-10-25,0
46872961,3421146,2,FY2018-2019,Surfers In Leadership Training (SILT),Grades K-12 - Summer,SILT Summer Surf Day Camps,Mission HS,2018-07-10,2018-08-02,23
46872993,3621424,2,FY2018-2019,Surfers In Leadership Training (SILT),Grades K-12 - Summer,SILT SUMMER CAMP SESSION 2: Booker T. Washington,Mission HS,2019-06-25,2019-06-27,2
46873375,3621418,3,FY2018-2019,Surfers In Leadership Training (SILT),Grades K-12 - Summer,SILT SUMMER CAMP SESSION 1: Faces SF,Mission HS,2019-06-18,2019-06-20,2
46873595,3384580,60,FY2018-2019,Surfing 101 HS/PE Course,Grades K-12 - Afterschool/Extended Day,Mission Surfing 101 Course,Mission HS,2018-08-20,2019-05-29,282
46873706,3384580,10,FY2018-2019,Surfing 101 HS/PE Course,Grades K-12 - Afterschool/Extended Day,Mission Surfing 101 Course,Mission HS,2018-08-20,2019-05-29,282
46874195,3475642,1,FY2018-2019,Intro to Surfing Field Trips,Grades K-12 - Afterschool/Extended Day,John O'Connell Field Trip 12/15/18,O'Connell (John) HS,2018-12-15,2018-12-15,0
46875178,3474515,4,FY2018-2019,Surfing 101 HS/PE Course,Grades K-12 - Afterschool/Extended Day,Independence HS Surfing 101/ 2018-2019 School Year,Independence HS,2018-08-28,2019-05-21,266
46875282,3384580,64,FY2018-2019,Surfing 101 HS/PE Course,Grades K-12 - Afterschool/Extended Day,Mission Surfing 101 Course,Mission HS,2018-08-20,2019-05-29,282
46875282,3440566,1,FY2018-2019,Intro to Surfing Field Trips,Grades K-12 - Afterschool/Extended Day,Surf Field Trip (Surf Club),Mission HS,2018-09-13,2018-09-13,0
46875282,3474121,1,FY2018-2019,Intro to Surfing Field Trips,Grades K-12 - Afterschool/Extended Day,Surf Field Trip (Skate Club),Mission HS,2018-10-18,2018-10-18,0
46875282,3474149,1,FY2018-2019,Intro to Surfing Field Trips,Grades K-12 - Afterschool/Extended Day,Surf Field Trip (Surf Club),Mission HS,2018-11-08,2018-11-08,0
46875282,3620656,1,FY2018-2019,Intro to Surfing Field Trips,Grades K-12 - Afterschool/Extended Day,Mission Surf Club,Mission HS,2019-05-18,2019-05-18,0
46875301,3517784,5,FY2018-2019,Surfing 101 HS/PE Course,Grades K-12 - Afterschool/Extended Day,Week Without Walls (March 2019),Leadership HS Charter,2019-03-18,2019-03-22,4
46875342,3499380,1,FY2018-2019,Intro to Surfing Field Trips,Grades K-12 - Afterschool/Extended Day,Surf Field Trip (Fernandez),Mission HS,2019-02-07,2019-02-07,0
46875410,3535885,1,FY2018-2019,Intro to Surfing Field Trips,Grades K-12 - Afterschool/Extended Day,Surf Field Trip (Kimball),Mission HS,2019-04-18,2019-04-18,0
46875412,3440566,1,FY2018-2019,Intro to Surfing Field Trips,Grades K-12 - Afterschool/Extended Day,Surf Field Trip (Surf Club),Mission HS,2018-09-13,2018-09-13,0
46875412,3473499,1,FY2018-2019,Intro to Surfing Field Trips,Grades K-12 - Afterschool/Extended Day,Surf Field Trip (Surf Club),Mission HS,2018-10-04,2018-10-04,0
46875412,3476373,1,FY2018-2019,Intro to Surfing Field Trips,Grades K-12 - Afterschool/Extended Day,Surf Field trip (Hillard/Surf Club),Mission HS,2018-10-25,2018-10-25,0
46875412,3476388,1,FY2018-2019,Intro to Surfing Field Trips,Grades K-12 - Afterschool/Extended Day,Surf Field Trip (Hallinan),Mission HS,2018-10-11,2018-10-11,0
46875415,3429906,1,FY2018-2019,Intro to Surfing Field Trips,Grades K-12 - Afterschool/Extended Day,Surf Field Trip (Shah),Mission HS,2018-09-06,2018-09-06,0
46875415,3473499,1,FY2018-2019,Intro to Surfing Field Trips,Grades K-12 - Afterschool/Extended Day,Surf Field Trip (Surf Club),Mission HS,2018-10-04,2018-10-04,0
46875415,3476373,1,FY2018-2019,Intro to Surfing Field Trips,Grades K-12 - Afterschool/Extended Day,Surf Field trip (Hillard/Surf Club),Mission HS,2018-10-25,2018-10-25,0
46875806,3499320,1,FY2018-2019,Intro to Surfing Field Trips,Grades K-12 - Afterschool/Extended Day,Surf Field Trip (Penrose),Mission HS,2019-02-28,2019-02-28,0
46875822,3440566,1,FY2018-2019,Intro to Surfing Field Trips,Grades K-12 - Afterschool/Extended Day,Surf Field Trip (Surf Club),Mission HS,2018-09-13,2018-09-13,0
46876799,3384580,78,FY2018-2019,Surfing 101 HS/PE Course,Grades K-12 - Afterschool/Extended Day,Mission Surfing 101 Course,Mission HS,2018-08-20,2019-05-29,282
46876799,3440566,1,FY2018-2019,Intro to Surfing Field Trips,Grades K-12 - Afterschool/Extended Day,Surf Field Trip (Surf Club),Mission HS,2018-09-13,2018-09-13,0
46876799,3454339,1,FY2018-2019,Intro to Surfing Field Trips,Grades K-12 - Afterschool/Extended Day,Surf Field Trip (Surf Club),Mission HS,2018-12-21,2018-12-21,0
46876799,3474149,1,FY2018-2019,Intro to Surfing Field Trips,Grades K-12 - Afterschool/Extended Day,Surf Field Trip (Surf Club),Mission HS,2018-11-08,2018-11-08,0
46876879,3420417,1,FY2018-2019,Intro to Surfing Field Trips,Grades K-12 - Afterschool/Extended Day,Surf Field Trip (Finegold-Shaw),Mission HS,2018-09-27,2018-09-27,0
46876879,3527022,1,FY2018-2019,Intro to Surfing Field Trips,Grades K-12 - Afterschool/Extended Day,Surf Field Trip (Feingold-Shaw),Mission HS,2019-03-14,2019-03-14,0
46876991,3417045,23,FY2018-2019,Surfing 101 HS/PE Course,Grades K-12 - Afterschool/Extended Day,Leadership Surfing 101,Leadership HS Charter,2018-08-29,2019-05-22,266
46876991,3517784,3,FY2018-2019,Surfing 101 HS/PE Course,Grades K-12 - Afterschool/Extended Day,Week Without Walls (March 2019),Leadership HS Charter,2019-03-18,2019-03-22,4
46876991,3621418,3,FY2018-2019,Surfers In Leadership Training (SILT),Grades K-12 - Summer,SILT SUMMER CAMP SESSION 1: Faces SF,Mission HS,2019-06-18,2019-06-20,2
46876991,3621419,6,FY2018-2019,Surfers In Leadership Training (SILT),Grades K-12 - Summer,SILT 2019 Backpacking/Camp/Surf Training,Mission HS,2019-06-08,2019-06-13,5
46877014,3384580,46,FY2018-2019,Surfing 101 HS/PE Course,Grades K-12 - Afterschool/Extended Day,Mission Surfing 101 Course,Mission HS,2018-08-20,2019-05-29,282
46877315,3535885,1,FY2018-2019,Intro to Surfing Field Trips,Grades K-12 - Afterschool/Extended Day,Surf Field Trip (Kimball),Mission HS,2019-04-18,2019-04-18,0
46877330,3517784,3,FY2018-2019,Surfing 101 HS/PE Course,Grades K-12 - Afterschool/Extended Day,Week Without Walls (March 2019),Leadership HS Charter,2019-03-18,2019-03-22,4
46877420,3535885,1,FY2018-2019,Intro to Surfing Field Trips,Grades K-12 - Afterschool/Extended Day,Surf Field Trip (Kimball),Mission HS,2019-04-18,2019-04-18,0
46877420,3536052,1,FY2018-2019,Intro to Surfing Field Trips,Grades K-12 - Afterschool/Extended Day,Surf Field Trip (Safavi),Mission HS,2019-05-09,2019-05-09,0
46877468,3429906,1,FY2018-2019,Intro to Surfing Field Trips,Grades K-12 - Afterschool/Extended Day,Surf Field Trip (Shah),Mission HS,2018-09-06,2018-09-06,0
46877482,3417045,10,FY2018-2019,Surfing 101 HS/PE Course,Grades K-12 - Afterschool/Extended Day,Leadership Surfing 101,Leadership HS Charter,2018-08-29,2019-05-22,266
46877683,3417045,25,FY2018-2019,Surfing 101 HS/PE Course,Grades K-12 - Afterschool/Extended Day,Leadership Surfing 101,Leadership HS Charter,2018-08-29,2019-05-22,266
46877683,3517784,3,FY2018-2019,Surfing 101 HS/PE Course,Grades K-12 - Afterschool/Extended Day,Week Without Walls (March 2019),Leadership HS Charter,2019-03-18,2019-03-22,4
46877766,3621424,3,FY2018-2019,Surfers In Leadership Training (SILT),Grades K-12 - Summer,SILT SUMMER CAMP SESSION 2: Booker T. Washington,Mission HS,2019-06-25,2019-06-27,2
46878330,3621418,3,FY2018-2019,Surfers In Leadership Training (SILT),Grades K-12 - Summer,SILT SUMMER CAMP SESSION 1: Faces SF,Mission HS,2019-06-18,2019-06-20,2
46878458,3440661,1,FY2018-2019,Intro to Surfing Field Trips,Grades K-12 - Afterschool/Extended Day,Surf Field Trip (Kimball),Mission HS,2018-09-20,2018-09-20,0
46878514,3538029,1,FY2018-2019,Intro to Surfing Field Trips,Grades K-12 - Afterschool/Extended Day,Surf Field Trip (Pritchard),Mission HS,2019-05-23,2019-05-23,0
46878543,3474121,1,FY2018-2019,Intro to Surfing Field Trips,Grades K-12 - Afterschool/Extended Day,Surf Field Trip (Skate Club),Mission HS,2018-10-18,2018-10-18,0
46878556,3440566,1,FY2018-2019,Intro to Surfing Field Trips,Grades K-12 - Afterschool/Extended Day,Surf Field Trip (Surf Club),Mission HS,2018-09-13,2018-09-13,0
46878556,3440661,1,FY2018-2019,Intro to Surfing Field Trips,Grades K-12 - Afterschool/Extended Day,Surf Field Trip (Kimball),Mission HS,2018-09-20,2018-09-20,0
46878556,3454339,1,FY2018-2019,Intro to Surfing Field Trips,Grades K-12 - Afterschool/Extended Day,Surf Field Trip (Surf Club),Mission HS,2018-12-21,2018-12-21,0
46878556,3474149,1,FY2018-2019,Intro to Surfing Field Trips,Grades K-12 - Afterschool/Extended Day,Surf Field Trip (Surf Club),Mission HS,2018-11-08,2018-11-08,0
46878556,3480978,1,FY2018-2019,Intro to Surfing Field Trips,Grades K-12 - Afterschool/Extended Day,Surf Field Trip (Surf Club),Mission HS,2019-02-21,2019-02-21,0
46878556,3526992,1,FY2018-2019,Intro to Surfing Field Trips,Grades K-12 - Afterschool/Extended Day,Surf Field Trip (Surf Club),Mission HS,2019-03-07,2019-03-07,0
46878556,3538029,1,FY2018-2019,Intro to Surfing Field Trips,Grades K-12 - Afterschool/Extended Day,Surf Field Trip (Pritchard),Mission HS,2019-05-23,2019-05-23,0
46878556,3621418,3,FY2018-2019,Surfers In Leadership Training (SILT),Grades K-12 - Summer,SILT SUMMER CAMP SESSION 1: Faces SF,Mission HS,2019-06-18,2019-06-20,2
46878556,3621419,6,FY2018-2019,Surfers In Leadership Training (SILT),Grades K-12 - Summer,SILT 2019 Backpacking/Camp/Surf Training,Mission HS,2019-06-08,2019-06-13,5
46878608,3420508,1,FY2018-2019,Intro to Surfing Field Trips,Grades K-12 - Afterschool/Extended Day,Surf Field Trip (Shafer),Mission HS,2018-08-30,2018-08-30,0
46878828,3528219,1,FY2018-2019,Intro to Surfing Field Trips,Grades K-12 - Afterschool/Extended Day,Surf Field Trip (Surf Club),Mission HS,2019-04-04,2019-04-04,0
46878841,3420508,1,FY2018-2019,Intro to Surfing Field Trips,Grades K-12 - Afterschool/Extended Day,Surf Field Trip (Shafer),Mission HS,2018-08-30,2018-08-30,0
46878864,3420508,1,FY2018-2019,Intro to Surfing Field Trips,Grades K-12 - Afterschool/Extended Day,Surf Field Trip (Shafer),Mission HS,2018-08-30,2018-08-30,0
46878903,3417045,7,FY2018-2019,Surfing 101 HS/PE Course,Grades K-12 - Afterschool/Extended Day,Leadership Surfing 101,Leadership HS Charter,2018-08-29,2019-05-22,266
46878926,3476388,1,FY2018-2019,Intro to Surfing Field Trips,Grades K-12 - Afterschool/Extended Day,Surf Field Trip (Hallinan),Mission HS,2018-10-11,2018-10-11,0
46878926,3499320,1,FY2018-2019,Intro to Surfing Field Trips,Grades K-12 - Afterschool/Extended Day,Surf Field Trip (Penrose),Mission HS,2019-02-28,2019-02-28,0
46879232,3417045,27,FY2018-2019,Surfing 101 HS/PE Course,Grades K-12 - Afterschool/Extended Day,Leadership Surfing 101,Leadership HS Charter,2018-08-29,2019-05-22,266
46879232,3517784,4,FY2018-2019,Surfing 101 HS/PE Course,Grades K-12 - Afterschool/Extended Day,Week Without Walls (March 2019),Leadership HS Charter,2019-03-18,2019-03-22,4
46879337,3384580,31,FY2018-2019,Surfing 101 HS/PE Course,Grades K-12 - Afterschool/Extended Day,Mission Surfing 101 Course,Mission HS,2018-08-20,2019-05-29,282
46879343,3417045,2,FY2018-2019,Surfing 101 HS/PE Course,Grades K-12 - Afterschool/Extended Day,Leadership Surfing 101,Leadership HS Charter,2018-08-29,2019-05-22,266
46879480,3536052,1,FY2018-2019,Intro to Surfing Field Trips,Grades K-12 - Afterschool/Extended Day,Surf Field Trip (Safavi),Mission HS,2019-05-09,2019-05-09,0
46879488,3528375,1,FY2018-2019,Intro to Surfing Field Trips,Grades K-12 - Afterschool/Extended Day,Surf Field Trip (Safavi),Mission HS,2019-04-25,2019-04-25,0
46879516,3429906,1,FY2018-2019,Intro to Surfing Field Trips,Grades K-12 - Afterschool/Extended Day,Surf Field Trip (Shah),Mission HS,2018-09-06,2018-09-06,0
46879526,3417045,14,FY2018-2019,Surfing 101 HS/PE Course,Grades K-12 - Afterschool/Extended Day,Leadership Surfing 101,Leadership HS Charter,2018-08-29,2019-05-22,266
46879527,3440566,1,FY2018-2019,Intro to Surfing Field Trips,Grades K-12 - Afterschool/Extended Day,Surf Field Trip (Surf Club),Mission HS,2018-09-13,2018-09-13,0
46879527,3473499,1,FY2018-2019,Intro to Surfing Field Trips,Grades K-12 - Afterschool/Extended Day,Surf Field Trip (Surf Club),Mission HS,2018-10-04,2018-10-04,0
46879527,3476373,1,FY2018-2019,Intro to Surfing Field Trips,Grades K-12 - Afterschool/Extended Day,Surf Field trip (Hillard/Surf Club),Mission HS,2018-10-25,2018-10-25,0
46879527,3476388,1,FY2018-2019,Intro to Surfing Field Trips,Grades K-12 - Afterschool/Extended Day,Surf Field Trip (Hallinan),Mission HS,2018-10-11,2018-10-11,0
46879865,3473499,1,FY2018-2019,Intro to Surfing Field Trips,Grades K-12 - Afterschool/Extended Day,Surf Field Trip (Surf Club),Mission HS,2018-10-04,2018-10-04,0
46879865,3476373,1,FY2018-2019,Intro to Surfing Field Trips,Grades K-12 - Afterschool/Extended Day,Surf Field trip (Hillard/Surf Club),Mission HS,2018-10-25,2018-10-25,0
46879865,3476388,1,FY2018-2019,Intro to Surfing Field Trips,Grades K-12 - Afterschool/Extended Day,Surf Field Trip (Hallinan),Mission HS,2018-10-11,2018-10-11,0
46879866,3417045,22,FY2018-2019,Surfing 101 HS/PE Course,Grades K-12 - Afterschool/Extended Day,Leadership Surfing 101,Leadership HS Charter,2018-08-29,2019-05-22,266
46881348,3499217,1,FY2018-2019,Intro to Surfing Field Trips,Grades K-12 - Afterschool/Extended Day,Surf Field Trip (Dragonboat),Mission HS,2019-03-21,2019-03-21,0
46882582,3621424,3,FY2018-2019,Surfers In Leadership Training (SILT),Grades K-12 - Summer,SILT SUMMER CAMP SESSION 2: Booker T. Washington,Mission HS,2019-06-25,2019-06-27,2
46883041,3440661,1,FY2018-2019,Intro to Surfing Field Trips,Grades K-12 - Afterschool/Extended Day,Surf Field Trip (Kimball),Mission HS,2018-09-20,2018-09-20,0
46883041,3528375,1,FY2018-2019,Intro to Surfing Field Trips,Grades K-12 - Afterschool/Extended Day,Surf Field Trip (Safavi),Mission HS,2019-04-25,2019-04-25,0
46883264,3538029,1,FY2018-2019,Intro to Surfing Field Trips,Grades K-12 - Afterschool/Extended Day,Surf Field Trip (Pritchard),Mission HS,2019-05-23,2019-05-23,0
46883369,3440661,1,FY2018-2019,Intro to Surfing Field Trips,Grades K-12 - Afterschool/Extended Day,Surf Field Trip (Kimball),Mission HS,2018-09-20,2018-09-20,0
46883802,3420508,1,FY2018-2019,Intro to Surfing Field Trips,Grades K-12 - Afterschool/Extended Day,Surf Field Trip (Shafer),Mission HS,2018-08-30,2018-08-30,0
46883837,3429906,1,FY2018-2019,Intro to Surfing Field Trips,Grades K-12 - Afterschool/Extended Day,Surf Field Trip (Shah),Mission HS,2018-09-06,2018-09-06,0
46883837,3535885,1,FY2018-2019,Intro to Surfing Field Trips,Grades K-12 - Afterschool/Extended Day,Surf Field Trip (Kimball),Mission HS,2019-04-18,2019-04-18,0
46883856,3499217,1,FY2018-2019,Intro to Surfing Field Trips,Grades K-12 - Afterschool/Extended Day,Surf Field Trip (Dragonboat),Mission HS,2019-03-21,2019-03-21,0
46883856,3499320,1,FY2018-2019,Intro to Surfing Field Trips,Grades K-12 - Afterschool/Extended Day,Surf Field Trip (Penrose),Mission HS,2019-02-28,2019-02-28,0
46883856,3536052,1,FY2018-2019,Intro to Surfing Field Trips,Grades K-12 - Afterschool/Extended Day,Surf Field Trip (Safavi),Mission HS,2019-05-09,2019-05-09,0
46884418,3440566,1,FY2018-2019,Intro to Surfing Field Trips,Grades K-12 - Afterschool/Extended Day,Surf Field Trip (Surf Club),Mission HS,2018-09-13,2018-09-13,0
46884418,3473499,1,FY2018-2019,Intro to Surfing Field Trips,Grades K-12 - Afterschool/Extended Day,Surf Field Trip (Surf Club),Mission HS,2018-10-04,2018-10-04,0
46884418,3476388,1,FY2018-2019,Intro to Surfing Field Trips,Grades K-12 - Afterschool/Extended Day,Surf Field Trip (Hallinan),Mission HS,2018-10-11,2018-10-11,0
46884481,3528219,1,FY2018-2019,Intro to Surfing Field Trips,Grades K-12 - Afterschool/Extended Day,Surf Field Trip (Surf Club),Mission HS,2019-04-04,2019-04-04,0
46884497,3499217,1,FY2018-2019,Intro to Surfing Field Trips,Grades K-12 - Afterschool/Extended Day,Surf Field Trip (Dragonboat),Mission HS,2019-03-21,2019-03-21,0
46884524,3429906,1,FY2018-2019,Intro to Surfing Field Trips,Grades K-12 - Afterschool/Extended Day,Surf Field Trip (Shah),Mission HS,2018-09-06,2018-09-06,0
46884526,3536052,1,FY2018-2019,Intro to Surfing Field Trips,Grades K-12 - Afterschool/Extended Day,Surf Field Trip (Safavi),Mission HS,2019-05-09,2019-05-09,0
46884526,3538029,1,FY2018-2019,Intro to Surfing Field Trips,Grades K-12 - Afterschool/Extended Day,Surf Field Trip (Pritchard),Mission HS,2019-05-23,2019-05-23,0
46884546,3528219,1,FY2018-2019,Intro to Surfing Field Trips,Grades K-12 - Afterschool/Extended Day,Surf Field Trip (Surf Club),Mission HS,2019-04-04,2019-04-04,0
46884705,3417045,13,FY2018-2019,Surfing 101 HS/PE Course,Grades K-12 - Afterschool/Extended Day,Leadership Surfing 101,Leadership HS Charter,2018-08-29,2019-05-22,266
46884749,3420508,1,FY2018-2019,Intro to Surfing Field Trips,Grades K-12 - Afterschool/Extended Day,Surf Field Trip (Shafer),Mission HS,2018-08-30,2018-08-30,0
46884758,3440566,1,FY2018-2019,Intro to Surfing Field Trips,Grades K-12 - Afterschool/Extended Day,Surf Field Trip (Surf Club),Mission HS,2018-09-13,2018-09-13,0
46884758,3473499,1,FY2018-2019,Intro to Surfing Field Trips,Grades K-12 - Afterschool/Extended Day,Surf Field Trip (Surf Club),Mission HS,2018-10-04,2018-10-04,0
46884758,3476373,1,FY2018-2019,Intro to Surfing Field Trips,Grades K-12 - Afterschool/Extended Day,Surf Field trip (Hillard/Surf Club),Mission HS,2018-10-25,2018-10-25,0
46884760,3417045,1,FY2018-2019,Surfing 101 HS/PE Course,Grades K-12 - Afterschool/Extended Day,Leadership Surfing 101,Leadership HS Charter,2018-08-29,2019-05-22,266
46885414,3475642,1,FY2018-2019,Intro to Surfing Field Trips,Grades K-12 - Afterschool/Extended Day,John O'Connell Field Trip 12/15/18,O'Connell (John) HS,2018-12-15,2018-12-15,0
46885437,3535885,1,FY2018-2019,Intro to Surfing Field Trips,Grades K-12 - Afterschool/Extended Day,Surf Field Trip (Kimball),Mission HS,2019-04-18,2019-04-18,0
46885457,3440661,1,FY2018-2019,Intro to Surfing Field Trips,Grades K-12 - Afterschool/Extended Day,Surf Field Trip (Kimball),Mission HS,2018-09-20,2018-09-20,0
46885457,3528375,1,FY2018-2019,Intro to Surfing Field Trips,Grades K-12 - Afterschool/Extended Day,Surf Field Trip (Safavi),Mission HS,2019-04-25,2019-04-25,0
46885478,3475642,1,FY2018-2019,Intro to Surfing Field Trips,Grades K-12 - Afterschool/Extended Day,John O'Connell Field Trip 12/15/18,O'Connell (John) HS,2018-12-15,2018-12-15,0
46885507,3429906,1,FY2018-2019,Intro to Surfing Field Trips,Grades K-12 - Afterschool/Extended Day,Surf Field Trip (Shah),Mission HS,2018-09-06,2018-09-06,0
46885512,3420508,1,FY2018-2019,Intro to Surfing Field Trips,Grades K-12 - Afterschool/Extended Day,Surf Field Trip (Shafer),Mission HS,2018-08-30,2018-08-30,0
46885524,3499320,1,FY2018-2019,Intro to Surfing Field Trips,Grades K-12 - Afterschool/Extended Day,Surf Field Trip (Penrose),Mission HS,2019-02-28,2019-02-28,0
46885578,3421146,2,FY2018-2019,Surfers In Leadership Training (SILT),Grades K-12 - Summer,SILT Summer Surf Day Camps,Mission HS,2018-07-10,2018-08-02,23
46885746,3528375,1,FY2018-2019,Intro to Surfing Field Trips,Grades K-12 - Afterschool/Extended Day,Surf Field Trip (Safavi),Mission HS,2019-04-25,2019-04-25,0
46885769,3476388,1,FY2018-2019,Intro to Surfing Field Trips,Grades K-12 - Afterschool/Extended Day,Surf Field Trip (Hallinan),Mission HS,2018-10-11,2018-10-11,0
46885803,3384580,32,FY2018-2019,Surfing 101 HS/PE Course,Grades K-12 - Afterschool/Extended Day,Mission Surfing 101 Course,Mission HS,2018-08-20,2019-05-29,282
46885803,3440566,1,FY2018-2019,Intro to Surfing Field Trips,Grades K-12 - Afterschool/Extended Day,Surf Field Trip (Surf Club),Mission HS,2018-09-13,2018-09-13,0
46885803,3454339,1,FY2018-2019,Intro to Surfing Field Trips,Grades K-12 - Afterschool/Extended Day,Surf Field Trip (Surf Club),Mission HS,2018-12-21,2018-12-21,0
46885803,3474121,1,FY2018-2019,Intro to Surfing Field Trips,Grades K-12 - Afterschool/Extended Day,Surf Field Trip (Skate Club),Mission HS,2018-10-18,2018-10-18,0
46885803,3474149,1,FY2018-2019,Intro to Surfing Field Trips,Grades K-12 - Afterschool/Extended Day,Surf Field Trip (Surf Club),Mission HS,2018-11-08,2018-11-08,0
46885852,3417045,11,FY2018-2019,Surfing 101 HS/PE Course,Grades K-12 - Afterschool/Extended Day,Leadership Surfing 101,Leadership HS Charter,2018-08-29,2019-05-22,266
46885854,3474515,19,FY2018-2019,Surfing 101 HS/PE Course,Grades K-12 - Afterschool/Extended Day,Independence HS Surfing 101/ 2018-2019 School Year,Independence HS,2018-08-28,2019-05-21,266
46886714,3473499,1,FY2018-2019,Intro to Surfing Field Trips,Grades K-12 - Afterschool/Extended Day,Surf Field Trip (Surf Club),Mission HS,2018-10-04,2018-10-04,0
46886714,3476373,1,FY2018-2019,Intro to Surfing Field Trips,Grades K-12 - Afterschool/Extended Day,Surf Field trip (Hillard/Surf Club),Mission HS,2018-10-25,2018-10-25,0
46886737,3384580,67,FY2018-2019,Surfing 101 HS/PE Course,Grades K-12 - Afterschool/Extended Day,Mission Surfing 101 Course,Mission HS,2018-08-20,2019-05-29,282
46886753,3473499,1,FY2018-2019,Intro to Surfing Field Trips,Grades K-12 - Afterschool/Extended Day,Surf Field Trip (Surf Club),Mission HS,2018-10-04,2018-10-04,0
46886753,3476388,1,FY2018-2019,Intro to Surfing Field Trips,Grades K-12 - Afterschool/Extended Day,Surf Field Trip (Hallinan),Mission HS,2018-10-11,2018-10-11,0
46886753,3499320,1,FY2018-2019,Intro to Surfing Field Trips,Grades K-12 - Afterschool/Extended Day,Surf Field Trip (Penrose),Mission HS,2019-02-28,2019-02-28,0
46886753,3526992,1,FY2018-2019,Intro to Surfing Field Trips,Grades K-12 - Afterschool/Extended Day,Surf Field Trip (Surf Club),Mission HS,2019-03-07,2019-03-07,0
46886766,3528219,1,FY2018-2019,Intro to Surfing Field Trips,Grades K-12 - Afterschool/Extended Day,Surf Field Trip (Surf Club),Mission HS,2019-04-04,2019-04-04,0
46886790,3429906,1,FY2018-2019,Intro to Surfing Field Trips,Grades K-12 - Afterschool/Extended Day,Surf Field Trip (Shah),Mission HS,2018-09-06,2018-09-06,0
46886798,3528375,1,FY2018-2019,Intro to Surfing Field Trips,Grades K-12 - Afterschool/Extended Day,Surf Field Trip (Safavi),Mission HS,2019-04-25,2019-04-25,0
46886823,3476388,1,FY2018-2019,Intro to Surfing Field Trips,Grades K-12 - Afterschool/Extended Day,Surf Field Trip (Hallinan),Mission HS,2018-10-11,2018-10-11,0
46886827,3429906,1,FY2018-2019,Intro to Surfing Field Trips,Grades K-12 - Afterschool/Extended Day,Surf Field Trip (Shah),Mission HS,2018-09-06,2018-09-06,0
46887178,3383538,7,FY2018-2019,Surfing 101 Middle School ,Grades K-12 - Afterschool/Extended Day,Aptos Surfing 101 Course,Aptos MS,2018-09-10,2018-10-29,49
46887178,3508583,6,FY2018-2019,Surfing 101 Middle School ,Grades K-12 - Afterschool/Extended Day,Aptos Cycle #3,Aptos MS,2019-01-28,2019-03-18,49
46887321,3440566,1,FY2018-2019,Intro to Surfing Field Trips,Grades K-12 - Afterschool/Extended Day,Surf Field Trip (Surf Club),Mission HS,2018-09-13,2018-09-13,0
46887321,3473499,1,FY2018-2019,Intro to Surfing Field Trips,Grades K-12 - Afterschool/Extended Day,Surf Field Trip (Surf Club),Mission HS,2018-10-04,2018-10-04,0
46887321,3476373,1,FY2018-2019,Intro to Surfing Field Trips,Grades K-12 - Afterschool/Extended Day,Surf Field trip (Hillard/Surf Club),Mission HS,2018-10-25,2018-10-25,0
46887321,3476388,1,FY2018-2019,Intro to Surfing Field Trips,Grades K-12 - Afterschool/Extended Day,Surf Field Trip (Hallinan),Mission HS,2018-10-11,2018-10-11,0
46887361,3476388,1,FY2018-2019,Intro to Surfing Field Trips,Grades K-12 - Afterschool/Extended Day,Surf Field Trip (Hallinan),Mission HS,2018-10-11,2018-10-11,0
46887434,3440661,1,FY2018-2019,Intro to Surfing Field Trips,Grades K-12 - Afterschool/Extended Day,Surf Field Trip (Kimball),Mission HS,2018-09-20,2018-09-20,0
46887862,3536052,1,FY2018-2019,Intro to Surfing Field Trips,Grades K-12 - Afterschool/Extended Day,Surf Field Trip (Safavi),Mission HS,2019-05-09,2019-05-09,0
46888803,3420508,1,FY2018-2019,Intro to Surfing Field Trips,Grades K-12 - Afterschool/Extended Day,Surf Field Trip (Shafer),Mission HS,2018-08-30,2018-08-30,0
46889250,3429906,1,FY2018-2019,Intro to Surfing Field Trips,Grades K-12 - Afterschool/Extended Day,Surf Field Trip (Shah),Mission HS,2018-09-06,2018-09-06,0
46889262,3475642,1,FY2018-2019,Intro to Surfing Field Trips,Grades K-12 - Afterschool/Extended Day,John O'Connell Field Trip 12/15/18,O'Connell (John) HS,2018-12-15,2018-12-15,0
46889300,3528219,1,FY2018-2019,Intro to Surfing Field Trips,Grades K-12 - Afterschool/Extended Day,Surf Field Trip (Surf Club),Mission HS,2019-04-04,2019-04-04,0
46889300,3528375,1,FY2018-2019,Intro to Surfing Field Trips,Grades K-12 - Afterschool/Extended Day,Surf Field Trip (Safavi),Mission HS,2019-04-25,2019-04-25,0
46889358,3473499,1,FY2018-2019,Intro to Surfing Field Trips,Grades K-12 - Afterschool/Extended Day,Surf Field Trip (Surf Club),Mission HS,2018-10-04,2018-10-04,0
46889358,3476373,1,FY2018-2019,Intro to Surfing Field Trips,Grades K-12 - Afterschool/Extended Day,Surf Field trip (Hillard/Surf Club),Mission HS,2018-10-25,2018-10-25,0
46890513,3527022,1,FY2018-2019,Intro to Surfing Field Trips,Grades K-12 - Afterschool/Extended Day,Surf Field Trip (Feingold-Shaw),Mission HS,2019-03-14,2019-03-14,0
46890939,3499217,1,FY2018-2019,Intro to Surfing Field Trips,Grades K-12 - Afterschool/Extended Day,Surf Field Trip (Dragonboat),Mission HS,2019-03-21,2019-03-21,0
46890939,3499320,1,FY2018-2019,Intro to Surfing Field Trips,Grades K-12 - Afterschool/Extended Day,Surf Field Trip (Penrose),Mission HS,2019-02-28,2019-02-28,0
46890939,3536052,1,FY2018-2019,Intro to Surfing Field Trips,Grades K-12 - Afterschool/Extended Day,Surf Field Trip (Safavi),Mission HS,2019-05-09,2019-05-09,0
46890980,3429906,1,FY2018-2019,Intro to Surfing Field Trips,Grades K-12 - Afterschool/Extended Day,Surf Field Trip (Shah),Mission HS,2018-09-06,2018-09-06,0
46890980,3538029,1,FY2018-2019,Intro to Surfing Field Trips,Grades K-12 - Afterschool/Extended Day,Surf Field Trip (Pritchard),Mission HS,2019-05-23,2019-05-23,0
46890991,3440661,1,FY2018-2019,Intro to Surfing Field Trips,Grades K-12 - Afterschool/Extended Day,Surf Field Trip (Kimball),Mission HS,2018-09-20,2018-09-20,0
46891003,3528219,1,FY2018-2019,Intro to Surfing Field Trips,Grades K-12 - Afterschool/Extended Day,Surf Field Trip (Surf Club),Mission HS,2019-04-04,2019-04-04,0
46891066,3440661,1,FY2018-2019,Intro to Surfing Field Trips,Grades K-12 - Afterschool/Extended Day,Surf Field Trip (Kimball),Mission HS,2018-09-20,2018-09-20,0
46891098,3420508,1,FY2018-2019,Intro to Surfing Field Trips,Grades K-12 - Afterschool/Extended Day,Surf Field Trip (Shafer),Mission HS,2018-08-30,2018-08-30,0
46891897,3383538,7,FY2018-2019,Surfing 101 Middle School ,Grades K-12 - Afterschool/Extended Day,Aptos Surfing 101 Course,Aptos MS,2018-09-10,2018-10-29,49
46891989,3383538,7,FY2018-2019,Surfing 101 Middle School ,Grades K-12 - Afterschool/Extended Day,Aptos Surfing 101 Course,Aptos MS,2018-09-10,2018-10-29,49
46891989,3508595,4,FY2018-2019,Surfing 101 Middle School ,Grades K-12 - Afterschool/Extended Day,Aptos Cycle #4,Aptos MS,2019-04-01,2019-06-03,63
46892101,3476979,5,FY2018-2019,Surfing 101 Middle School ,Grades K-12 - Afterschool/Extended Day,Aptos Afterschool Cycle #2,Aptos MS,2018-11-05,2019-01-14,70
46892821,3621424,3,FY2018-2019,Surfers In Leadership Training (SILT),Grades K-12 - Summer,SILT SUMMER CAMP SESSION 2: Booker T. Washington,Mission HS,2019-06-25,2019-06-27,2
46892864,3384580,68,FY2018-2019,Surfing 101 HS/PE Course,Grades K-12 - Afterschool/Extended Day,Mission Surfing 101 Course,Mission HS,2018-08-20,2019-05-29,282
46892864,3420508,1,FY2018-2019,Intro to Surfing Field Trips,Grades K-12 - Afterschool/Extended Day,Surf Field Trip (Shafer),Mission HS,2018-08-30,2018-08-30,0
46893082,3421146,2,FY2018-2019,Surfers In Leadership Training (SILT),Grades K-12 - Summer,SILT Summer Surf Day Camps,Mission HS,2018-07-10,2018-08-02,23
46893469,3421146,2,FY2018-2019,Surfers In Leadership Training (SILT),Grades K-12 - Summer,SILT Summer Surf Day Camps,Mission HS,2018-07-10,2018-08-02,23
46893469,3621424,2,FY2018-2019,Surfers In Leadership Training (SILT),Grades K-12 - Summer,SILT SUMMER CAMP SESSION 2: Booker T. Washington,Mission HS,2019-06-25,2019-06-27,2
46893706,3421146,2,FY2018-2019,Surfers In Leadership Training (SILT),Grades K-12 - Summer,SILT Summer Surf Day Camps,Mission HS,2018-07-10,2018-08-02,23
46893706,3621424,2,FY2018-2019,Surfers In Leadership Training (SILT),Grades K-12 - Summer,SILT SUMMER CAMP SESSION 2: Booker T. Washington,Mission HS,2019-06-25,2019-06-27,2
46893742,3508583,5,FY2018-2019,Surfing 101 Middle School ,Grades K-12 - Afterschool/Extended Day,Aptos Cycle #3,Aptos MS,2019-01-28,2019-03-18,49
46894168,3440661,1,FY2018-2019,Intro to Surfing Field Trips,Grades K-12 - Afterschool/Extended Day,Surf Field Trip (Kimball),Mission HS,2018-09-20,2018-09-20,0
46894168,3454339,1,FY2018-2019,Intro to Surfing Field Trips,Grades K-12 - Afterschool/Extended Day,Surf Field Trip (Surf Club),Mission HS,2018-12-21,2018-12-21,0
46894168,3473499,1,FY2018-2019,Intro to Surfing Field Trips,Grades K-12 - Afterschool/Extended Day,Surf Field Trip (Surf Club),Mission HS,2018-10-04,2018-10-04,0
46894168,3474121,1,FY2018-2019,Intro to Surfing Field Trips,Grades K-12 - Afterschool/Extended Day,Surf Field Trip (Skate Club),Mission HS,2018-10-18,2018-10-18,0
46894168,3476373,1,FY2018-2019,Intro to Surfing Field Trips,Grades K-12 - Afterschool/Extended Day,Surf Field trip (Hillard/Surf Club),Mission HS,2018-10-25,2018-10-25,0
46894168,3476388,1,FY2018-2019,Intro to Surfing Field Trips,Grades K-12 - Afterschool/Extended Day,Surf Field Trip (Hallinan),Mission HS,2018-10-11,2018-10-11,0
46894168,3480978,1,FY2018-2019,Intro to Surfing Field Trips,Grades K-12 - Afterschool/Extended Day,Surf Field Trip (Surf Club),Mission HS,2019-02-21,2019-02-21,0
46894168,3499217,1,FY2018-2019,Intro to Surfing Field Trips,Grades K-12 - Afterschool/Extended Day,Surf Field Trip (Dragonboat),Mission HS,2019-03-21,2019-03-21,0
46894168,3499320,1,FY2018-2019,Intro to Surfing Field Trips,Grades K-12 - Afterschool/Extended Day,Surf Field Trip (Penrose),Mission HS,2019-02-28,2019-02-28,0
46894168,3499380,1,FY2018-2019,Intro to Surfing Field Trips,Grades K-12 - Afterschool/Extended Day,Surf Field Trip (Fernandez),Mission HS,2019-02-07,2019-02-07,0
46894168,3526992,1,FY2018-2019,Intro to Surfing Field Trips,Grades K-12 - Afterschool/Extended Day,Surf Field Trip (Surf Club),Mission HS,2019-03-07,2019-03-07,0
46894168,3528219,1,FY2018-2019,Intro to Surfing Field Trips,Grades K-12 - Afterschool/Extended Day,Surf Field Trip (Surf Club),Mission HS,2019-04-04,2019-04-04,0
46894168,3528332,1,FY2018-2019,Intro to Surfing Field Trips,Grades K-12 - Afterschool/Extended Day,Surf Field Trip (Feingold-Shaw),Mission HS,2019-04-11,2019-04-11,0
46894168,3528375,1,FY2018-2019,Intro to Surfing Field Trips,Grades K-12 - Afterschool/Extended Day,Surf Field Trip (Safavi),Mission HS,2019-04-25,2019-04-25,0
46894168,3535885,1,FY2018-2019,Intro to Surfing Field Trips,Grades K-12 - Afterschool/Extended Day,Surf Field Trip (Kimball),Mission HS,2019-04-18,2019-04-18,0
46894168,3535966,1,FY2018-2019,Intro to Surfing Field Trips,Grades K-12 - Afterschool/Extended Day,Surf Field Trip (Surf Club),Mission HS,2019-05-02,2019-05-02,0
46894168,3538008,1,FY2018-2019,Intro to Surfing Field Trips,Grades K-12 - Afterschool/Extended Day,Surf Field Trip (Hallinan),Mission HS,2019-05-16,2019-05-16,0
46894168,3538029,1,FY2018-2019,Intro to Surfing Field Trips,Grades K-12 - Afterschool/Extended Day,Surf Field Trip (Pritchard),Mission HS,2019-05-23,2019-05-23,0
46894320,3383538,7,FY2018-2019,Surfing 101 Middle School ,Grades K-12 - Afterschool/Extended Day,Aptos Surfing 101 Course,Aptos MS,2018-09-10,2018-10-29,49
46894320,3508595,9,FY2018-2019,Surfing 101 Middle School ,Grades K-12 - Afterschool/Extended Day,Aptos Cycle #4,Aptos MS,2019-04-01,2019-06-03,63
46894801,3621424,3,FY2018-2019,Surfers In Leadership Training (SILT),Grades K-12 - Summer,SILT SUMMER CAMP SESSION 2: Booker T. Washington,Mission HS,2019-06-25,2019-06-27,2
46894961,3621424,2,FY2018-2019,Surfers In Leadership Training (SILT),Grades K-12 - Summer,SILT SUMMER CAMP SESSION 2: Booker T. Washington,Mission HS,2019-06-25,2019-06-27,2
46895808,3476979,8,FY2018-2019,Surfing 101 Middle School ,Grades K-12 - Afterschool/Extended Day,Aptos Afterschool Cycle #2,Aptos MS,2018-11-05,2019-01-14,70
46895808,3508595,7,FY2018-2019,Surfing 101 Middle School ,Grades K-12 - Afterschool/Extended Day,Aptos Cycle #4,Aptos MS,2019-04-01,2019-06-03,63
46896188,3621424,3,FY2018-2019,Surfers In Leadership Training (SILT),Grades K-12 - Summer,SILT SUMMER CAMP SESSION 2: Booker T. Washington,Mission HS,2019-06-25,2019-06-27,2
46896461,3474515,13,FY2018-2019,Surfing 101 HS/PE Course,Grades K-12 - Afterschool/Extended Day,Independence HS Surfing 101/ 2018-2019 School Year,Independence HS,2018-08-28,2019-05-21,266
46896561,3508583,7,FY2018-2019,Surfing 101 Middle School ,Grades K-12 - Afterschool/Extended Day,Aptos Cycle #3,Aptos MS,2019-01-28,2019-03-18,49
46897422,3508595,9,FY2018-2019,Surfing 101 Middle School ,Grades K-12 - Afterschool/Extended Day,Aptos Cycle #4,Aptos MS,2019-04-01,2019-06-03,63
46897487,3383538,7,FY2018-2019,Surfing 101 Middle School ,Grades K-12 - Afterschool/Extended Day,Aptos Surfing 101 Course,Aptos MS,2018-09-10,2018-10-29,49
46897549,3383538,6,FY2018-2019,Surfing 101 Middle School ,Grades K-12 - Afterschool/Extended Day,Aptos Surfing 101 Course,Aptos MS,2018-09-10,2018-10-29,49
46897549,3476979,8,FY2018-2019,Surfing 101 Middle School ,Grades K-12 - Afterschool/Extended Day,Aptos Afterschool Cycle #2,Aptos MS,2018-11-05,2019-01-14,70
46897549,3508583,8,FY2018-2019,Surfing 101 Middle School ,Grades K-12 - Afterschool/Extended Day,Aptos Cycle #3,Aptos MS,2019-01-28,2019-03-18,49
46897549,3508595,9,FY2018-2019,Surfing 101 Middle School ,Grades K-12 - Afterschool/Extended Day,Aptos Cycle #4,Aptos MS,2019-04-01,2019-06-03,63
46897577,3383538,5,FY2018-2019,Surfing 101 Middle School ,Grades K-12 - Afterschool/Extended Day,Aptos Surfing 101 Course,Aptos MS,2018-09-10,2018-10-29,49
46898292,3383538,7,FY2018-2019,Surfing 101 Middle School ,Grades K-12 - Afterschool/Extended Day,Aptos Surfing 101 Course,Aptos MS,2018-09-10,2018-10-29,49
46898292,3508583,5,FY2018-2019,Surfing 101 Middle School ,Grades K-12 - Afterschool/Extended Day,Aptos Cycle #3,Aptos MS,2019-01-28,2019-03-18,49
46898319,3421146,2,FY2018-2019,Surfers In Leadership Training (SILT),Grades K-12 - Summer,SILT Summer Surf Day Camps,Mission HS,2018-07-10,2018-08-02,23
46898738,3508583,7,FY2018-2019,Surfing 101 Middle School ,Grades K-12 - Afterschool/Extended Day,Aptos Cycle #3,Aptos MS,2019-01-28,2019-03-18,49
46898818,3508583,8,FY2018-2019,Surfing 101 Middle School ,Grades K-12 - Afterschool/Extended Day,Aptos Cycle #3,Aptos MS,2019-01-28,2019-03-18,49
46898869,3383538,7,FY2018-2019,Surfing 101 Middle School ,Grades K-12 - Afterschool/Extended Day,Aptos Surfing 101 Course,Aptos MS,2018-09-10,2018-10-29,49
46898869,3508595,9,FY2018-2019,Surfing 101 Middle School ,Grades K-12 - Afterschool/Extended Day,Aptos Cycle #4,Aptos MS,2019-04-01,2019-06-03,63
46899499,3476979,7,FY2018-2019,Surfing 101 Middle School ,Grades K-12 - Afterschool/Extended Day,Aptos Afterschool Cycle #2,Aptos MS,2018-11-05,2019-01-14,70
46899585,3508583,3,FY2018-2019,Surfing 101 Middle School ,Grades K-12 - Afterschool/Extended Day,Aptos Cycle #3,Aptos MS,2019-01-28,2019-03-18,49
46899890,3421146,2,FY2018-2019,Surfers In Leadership Training (SILT),Grades K-12 - Summer,SILT Summer Surf Day Camps,Mission HS,2018-07-10,2018-08-02,23
46900269,3508583,4,FY2018-2019,Surfing 101 Middle School ,Grades K-12 - Afterschool/Extended Day,Aptos Cycle #3,Aptos MS,2019-01-28,2019-03-18,49
46900329,3508583,7,FY2018-2019,Surfing 101 Middle School ,Grades K-12 - Afterschool/Extended Day,Aptos Cycle #3,Aptos MS,2019-01-28,2019-03-18,49
46901050,3421146,2,FY2018-2019,Surfers In Leadership Training (SILT),Grades K-12 - Summer,SILT Summer Surf Day Camps,Mission HS,2018-07-10,2018-08-02,23
46901050,3621424,3,FY2018-2019,Surfers In Leadership Training (SILT),Grades K-12 - Summer,SILT SUMMER CAMP SESSION 2: Booker T. Washington,Mission HS,2019-06-25,2019-06-27,2
46901108,3476979,8,FY2018-2019,Surfing 101 Middle School ,Grades K-12 - Afterschool/Extended Day,Aptos Afterschool Cycle #2,Aptos MS,2018-11-05,2019-01-14,70
46901108,3508595,8,FY2018-2019,Surfing 101 Middle School ,Grades K-12 - Afterschool/Extended Day,Aptos Cycle #4,Aptos MS,2019-04-01,2019-06-03,63
46901198,3508595,8,FY2018-2019,Surfing 101 Middle School ,Grades K-12 - Afterschool/Extended Day,Aptos Cycle #4,Aptos MS,2019-04-01,2019-06-03,63
46903631,3421146,2,FY2018-2019,Surfers In Leadership Training (SILT),Grades K-12 - Summer,SILT Summer Surf Day Camps,Mission HS,2018-07-10,2018-08-02,23
46904597,3476979,8,FY2018-2019,Surfing 101 Middle School ,Grades K-12 - Afterschool/Extended Day,Aptos Afterschool Cycle #2,Aptos MS,2018-11-05,2019-01-14,70
46904597,3508595,9,FY2018-2019,Surfing 101 Middle School ,Grades K-12 - Afterschool/Extended Day,Aptos Cycle #4,Aptos MS,2019-04-01,2019-06-03,63
46905255,3421146,2,FY2018-2019,Surfers In Leadership Training (SILT),Grades K-12 - Summer,SILT Summer Surf Day Camps,Mission HS,2018-07-10,2018-08-02,23
46906175,3508595,8,FY2018-2019,Surfing 101 Middle School ,Grades K-12 - Afterschool/Extended Day,Aptos Cycle #4,Aptos MS,2019-04-01,2019-06-03,63
46906440,3383538,7,FY2018-2019,Surfing 101 Middle School ,Grades K-12 - Afterschool/Extended Day,Aptos Surfing 101 Course,Aptos MS,2018-09-10,2018-10-29,49
46906440,3508583,6,FY2018-2019,Surfing 101 Middle School ,Grades K-12 - Afterschool/Extended Day,Aptos Cycle #3,Aptos MS,2019-01-28,2019-03-18,49
46906790,3421146,2,FY2018-2019,Surfers In Leadership Training (SILT),Grades K-12 - Summer,SILT Summer Surf Day Camps,Mission HS,2018-07-10,2018-08-02,23
46907262,3421146,2,FY2018-2019,Surfers In Leadership Training (SILT),Grades K-12 - Summer,SILT Summer Surf Day Camps,Mission HS,2018-07-10,2018-08-02,23
46907807,3476979,4,FY2018-2019,Surfing 101 Middle School ,Grades K-12 - Afterschool/Extended Day,Aptos Afterschool Cycle #2,Aptos MS,2018-11-05,2019-01-14,70
46907807,3508595,9,FY2018-2019,Surfing 101 Middle School ,Grades K-12 - Afterschool/Extended Day,Aptos Cycle #4,Aptos MS,2019-04-01,2019-06-03,63
46908175,3621424,3,FY2018-2019,Surfers In Leadership Training (SILT),Grades K-12 - Summer,SILT SUMMER CAMP SESSION 2: Booker T. Washington,Mission HS,2019-06-25,2019-06-27,2
46908206,3476979,6,FY2018-2019,Surfing 101 Middle School ,Grades K-12 - Afterschool/Extended Day,Aptos Afterschool Cycle #2,Aptos MS,2018-11-05,2019-01-14,70
46908729,3508595,3,FY2018-2019,Surfing 101 Middle School ,Grades K-12 - Afterschool/Extended Day,Aptos Cycle #4,Aptos MS,2019-04-01,2019-06-03,63
46909753,3421146,2,FY2018-2019,Surfers In Leadership Training (SILT),Grades K-12 - Summer,SILT Summer Surf Day Camps,Mission HS,2018-07-10,2018-08-02,23
46909858,3421146,2,FY2018-2019,Surfers In Leadership Training (SILT),Grades K-12 - Summer,SILT Summer Surf Day Camps,Mission HS,2018-07-10,2018-08-02,23
46990945,3421146,2,FY2018-2019,Surfers In Leadership Training (SILT),Grades K-12 - Summer,SILT Summer Surf Day Camps,Mission HS,2018-07-10,2018-08-02,23
46991083,3473499,1,FY2018-2019,Intro to Surfing Field Trips,Grades K-12 - Afterschool/Extended Day,Surf Field Trip (Surf Club),Mission HS,2018-10-04,2018-10-04,0
46991083,3476373,1,FY2018-2019,Intro to Surfing Field Trips,Grades K-12 - Afterschool/Extended Day,Surf Field trip (Hillard/Surf Club),Mission HS,2018-10-25,2018-10-25,0
47027338,3420508,1,FY2018-2019,Intro to Surfing Field Trips,Grades K-12 - Afterschool/Extended Day,Surf Field Trip (Shafer),Mission HS,2018-08-30,2018-08-30,0
47027379,3384580,17,FY2018-2019,Surfing 101 HS/PE Course,Grades K-12 - Afterschool/Extended Day,Mission Surfing 101 Course,Mission HS,2018-08-20,2019-05-29,282
47027386,3417045,9,FY2018-2019,Surfing 101 HS/PE Course,Grades K-12 - Afterschool/Extended Day,Leadership Surfing 101,Leadership HS Charter,2018-08-29,2019-05-22,266
47228286,3621418,3,FY2018-2019,Surfers In Leadership Training (SILT),Grades K-12 - Summer,SILT SUMMER CAMP SESSION 1: Faces SF,Mission HS,2019-06-18,2019-06-20,2
47255849,3476343,1,FY2018-2019,Intro to Surfing Field Trips,Grades K-12 - Afterschool/Extended Day,Surf Field (Fiengold-Shaw),Mission HS,2018-11-01,2018-11-01,0
47283620,3420417,1,FY2018-2019,Intro to Surfing Field Trips,Grades K-12 - Afterschool/Extended Day,Surf Field Trip (Finegold-Shaw),Mission HS,2018-09-27,2018-09-27,0
47333793,3474515,6,FY2018-2019,Surfing 101 HS/PE Course,Grades K-12 - Afterschool/Extended Day,Independence HS Surfing 101/ 2018-2019 School Year,Independence HS,2018-08-28,2019-05-21,266
47343704,3499320,1,FY2018-2019,Intro to Surfing Field Trips,Grades K-12 - Afterschool/Extended Day,Surf Field Trip (Penrose),Mission HS,2019-02-28,2019-02-28,0
47343704,3526992,1,FY2018-2019,Intro to Surfing Field Trips,Grades K-12 - Afterschool/Extended Day,Surf Field Trip (Surf Club),Mission HS,2019-03-07,2019-03-07,0
47343704,3527022,1,FY2018-2019,Intro to Surfing Field Trips,Grades K-12 - Afterschool/Extended Day,Surf Field Trip (Feingold-Shaw),Mission HS,2019-03-14,2019-03-14,0
47343704,3528332,1,FY2018-2019,Intro to Surfing Field Trips,Grades K-12 - Afterschool/Extended Day,Surf Field Trip (Feingold-Shaw),Mission HS,2019-04-11,2019-04-11,0
47343704,3528375,1,FY2018-2019,Intro to Surfing Field Trips,Grades K-12 - Afterschool/Extended Day,Surf Field Trip (Safavi),Mission HS,2019-04-25,2019-04-25,0
47343704,3535885,1,FY2018-2019,Intro to Surfing Field Trips,Grades K-12 - Afterschool/Extended Day,Surf Field Trip (Kimball),Mission HS,2019-04-18,2019-04-18,0
47343704,3535966,1,FY2018-2019,Intro to Surfing Field Trips,Grades K-12 - Afterschool/Extended Day,Surf Field Trip (Surf Club),Mission HS,2019-05-02,2019-05-02,0
47343704,3538008,1,FY2018-2019,Intro to Surfing Field Trips,Grades K-12 - Afterschool/Extended Day,Surf Field Trip (Hallinan),Mission HS,2019-05-16,2019-05-16,0
47343704,3620656,1,FY2018-2019,Intro to Surfing Field Trips,Grades K-12 - Afterschool/Extended Day,Mission Surf Club,Mission HS,2019-05-18,2019-05-18,0
47346915,3499367,1,FY2018-2019,Intro to Surfing Field Trips,Grades K-12 - Afterschool/Extended Day,Surf Field Trip (Mufti),Mission HS,2019-02-14,2019-02-14,0
47346915,3526992,1,FY2018-2019,Intro to Surfing Field Trips,Grades K-12 - Afterschool/Extended Day,Surf Field Trip (Surf Club),Mission HS,2019-03-07,2019-03-07,0
47346915,3527068,1,FY2018-2019,Intro to Surfing Field Trips,Grades K-12 - Afterschool/Extended Day,Surf Field Trip (Shafer),Mission HS,2019-01-24,2019-01-24,0
47346915,3528219,1,FY2018-2019,Intro to Surfing Field Trips,Grades K-12 - Afterschool/Extended Day,Surf Field Trip (Surf Club),Mission HS,2019-04-04,2019-04-04,0
47346915,3535966,1,FY2018-2019,Intro to Surfing Field Trips,Grades K-12 - Afterschool/Extended Day,Surf Field Trip (Surf Club),Mission HS,2019-05-02,2019-05-02,0
47346915,3620656,1,FY2018-2019,Intro to Surfing Field Trips,Grades K-12 - Afterschool/Extended Day,Mission Surf Club,Mission HS,2019-05-18,2019-05-18,0
47363253,3475642,1,FY2018-2019,Intro to Surfing Field Trips,Grades K-12 - Afterschool/Extended Day,John O'Connell Field Trip 12/15/18,O'Connell (John) HS,2018-12-15,2018-12-15,0
47400264,3474515,1,FY2018-2019,Surfing 101 HS/PE Course,Grades K-12 - Afterschool/Extended Day,Independence HS Surfing 101/ 2018-2019 School Year,Independence HS,2018-08-28,2019-05-21,266
47411254,3480978,1,FY2018-2019,Intro to Surfing Field Trips,Grades K-12 - Afterschool/Extended Day,Surf Field Trip (Surf Club),Mission HS,2019-02-21,2019-02-21,0
47411254,3499380,1,FY2018-2019,Intro to Surfing Field Trips,Grades K-12 - Afterschool/Extended Day,Surf Field Trip (Fernandez),Mission HS,2019-02-07,2019-02-07,0
47433624,3476388,1,FY2018-2019,Intro to Surfing Field Trips,Grades K-12 - Afterschool/Extended Day,Surf Field Trip (Hallinan),Mission HS,2018-10-11,2018-10-11,0
47433636,3420417,1,FY2018-2019,Intro to Surfing Field Trips,Grades K-12 - Afterschool/Extended Day,Surf Field Trip (Finegold-Shaw),Mission HS,2018-09-27,2018-09-27,0
47433658,3499380,1,FY2018-2019,Intro to Surfing Field Trips,Grades K-12 - Afterschool/Extended Day,Surf Field Trip (Fernandez),Mission HS,2019-02-07,2019-02-07,0
47433658,3535966,1,FY2018-2019,Intro to Surfing Field Trips,Grades K-12 - Afterschool/Extended Day,Surf Field Trip (Surf Club),Mission HS,2019-05-02,2019-05-02,0
47433659,3621424,3,FY2018-2019,Surfers In Leadership Training (SILT),Grades K-12 - Summer,SILT SUMMER CAMP SESSION 2: Booker T. Washington,Mission HS,2019-06-25,2019-06-27,2
47440447,3527022,1,FY2018-2019,Intro to Surfing Field Trips,Grades K-12 - Afterschool/Extended Day,Surf Field Trip (Feingold-Shaw),Mission HS,2019-03-14,2019-03-14,0
47444510,3474515,8,FY2018-2019,Surfing 101 HS/PE Course,Grades K-12 - Afterschool/Extended Day,Independence HS Surfing 101/ 2018-2019 School Year,Independence HS,2018-08-28,2019-05-21,266
47513499,3420417,1,FY2018-2019,Intro to Surfing Field Trips,Grades K-12 - Afterschool/Extended Day,Surf Field Trip (Finegold-Shaw),Mission HS,2018-09-27,2018-09-27,0
47577793,3421146,2,FY2018-2019,Surfers In Leadership Training (SILT),Grades K-12 - Summer,SILT Summer Surf Day Camps,Mission HS,2018-07-10,2018-08-02,23
47577793,3621419,6,FY2018-2019,Surfers In Leadership Training (SILT),Grades K-12 - Summer,SILT 2019 Backpacking/Camp/Surf Training,Mission HS,2019-06-08,2019-06-13,5
47600251,3538008,1,FY2018-2019,Intro to Surfing Field Trips,Grades K-12 - Afterschool/Extended Day,Surf Field Trip (Hallinan),Mission HS,2019-05-16,2019-05-16,0
47627212,3420417,1,FY2018-2019,Intro to Surfing Field Trips,Grades K-12 - Afterschool/Extended Day,Surf Field Trip (Finegold-Shaw),Mission HS,2018-09-27,2018-09-27,0
47627212,3527022,1,FY2018-2019,Intro to Surfing Field Trips,Grades K-12 - Afterschool/Extended Day,Surf Field Trip (Feingold-Shaw),Mission HS,2019-03-14,2019-03-14,0
47685963,3538008,1,FY2018-2019,Intro to Surfing Field Trips,Grades K-12 - Afterschool/Extended Day,Surf Field Trip (Hallinan),Mission HS,2019-05-16,2019-05-16,0
47728952,3527022,1,FY2018-2019,Intro to Surfing Field Trips,Grades K-12 - Afterschool/Extended Day,Surf Field Trip (Feingold-Shaw),Mission HS,2019-03-14,2019-03-14,0
47745654,3526992,1,FY2018-2019,Intro to Surfing Field Trips,Grades K-12 - Afterschool/Extended Day,Surf Field Trip (Surf Club),Mission HS,2019-03-07,2019-03-07,0
47745654,3535966,1,FY2018-2019,Intro to Surfing Field Trips,Grades K-12 - Afterschool/Extended Day,Surf Field Trip (Surf Club),Mission HS,2019-05-02,2019-05-02,0
47793648,3528332,1,FY2018-2019,Intro to Surfing Field Trips,Grades K-12 - Afterschool/Extended Day,Surf Field Trip (Feingold-Shaw),Mission HS,2019-04-11,2019-04-11,0
47814984,3474515,6,FY2018-2019,Surfing 101 HS/PE Course,Grades K-12 - Afterschool/Extended Day,Independence HS Surfing 101/ 2018-2019 School Year,Independence HS,2018-08-28,2019-05-21,266
47835429,3535966,1,FY2018-2019,Intro to Surfing Field Trips,Grades K-12 - Afterschool/Extended Day,Surf Field Trip (Surf Club),Mission HS,2019-05-02,2019-05-02,0
47878255,3528332,1,FY2018-2019,Intro to Surfing Field Trips,Grades K-12 - Afterschool/Extended Day,Surf Field Trip (Feingold-Shaw),Mission HS,2019-04-11,2019-04-11,0
47878255,3538008,1,FY2018-2019,Intro to Surfing Field Trips,Grades K-12 - Afterschool/Extended Day,Surf Field Trip (Hallinan),Mission HS,2019-05-16,2019-05-16,0
48068072,3535966,1,FY2018-2019,Intro to Surfing Field Trips,Grades K-12 - Afterschool/Extended Day,Surf Field Trip (Surf Club),Mission HS,2019-05-02,2019-05-02,0
